,Category,AccidentType,Year,Month,Value
0,Traffic Accidents,injured and killed,2000,200012,515.0
1,Traffic Accidents,injured and killed,2000,200011,578.0
2,Traffic Accidents,injured and killed,2000,200010,615.0
3,Traffic Accidents,injured and killed,2000,200009,675.0
4,Traffic Accidents,injured and killed,2000,200008,647.0
5,Traffic Accidents,injured and killed,2000,200007,744.0
6,Traffic Accidents,injured and killed,2000,200006,685.0
7,Traffic Accidents,injured and killed,2000,200005,675.0
8,Traffic Accidents,injured and killed,2000,200004,557.0
9,Traffic Accidents,injured and killed,2000,200003,509.0
10,Traffic Accidents,injured and killed,2000,200002,419.0
11,Traffic Accidents,injured and killed,2000,200001,434.0
13,Traffic Accidents,injured and killed,2001,200112,507.0
14,Traffic Accidents,injured and killed,2001,200111,568.0
15,Traffic Accidents,injured and killed,2001,200110,717.0
16,Traffic Accidents,injured and killed,2001,200109,643.0
17,Traffic Accidents,injured and killed,2001,200108,600.0
18,Traffic Accidents,injured and killed,2001,200107,921.0
19,Traffic Accidents,injured and killed,2001,200106,679.0
20,Traffic Accidents,injured and killed,2001,200105,817.0
21,Traffic Accidents,injured and killed,2001,200104,578.0
22,Traffic Accidents,injured and killed,2001,200103,535.0
23,Traffic Accidents,injured and killed,2001,200102,439.0
24,Traffic Accidents,injured and killed,2001,200101,448.0
26,Traffic Accidents,injured and killed,2002,200212,394.0
27,Traffic Accidents,injured and killed,2002,200211,563.0
28,Traffic Accidents,injured and killed,2002,200210,630.0
29,Traffic Accidents,injured and killed,2002,200209,621.0
30,Traffic Accidents,injured and killed,2002,200208,601.0
31,Traffic Accidents,injured and killed,2002,200207,865.0
32,Traffic Accidents,injured and killed,2002,200206,833.0
33,Traffic Accidents,injured and killed,2002,200205,654.0
34,Traffic Accidents,injured and killed,2002,200204,521.0
35,Traffic Accidents,injured and killed,2002,200203,520.0
36,Traffic Accidents,injured and killed,2002,200202,393.0
37,Traffic Accidents,injured and killed,2002,200201,431.0
39,Traffic Accidents,injured and killed,2003,200312,493.0
40,Traffic Accidents,injured and killed,2003,200311,464.0
41,Traffic Accidents,injured and killed,2003,200310,595.0
42,Traffic Accidents,injured and killed,2003,200309,560.0
43,Traffic Accidents,injured and killed,2003,200308,577.0
44,Traffic Accidents,injured and killed,2003,200307,644.0
45,Traffic Accidents,injured and killed,2003,200306,723.0
46,Traffic Accidents,injured and killed,2003,200305,632.0
47,Traffic Accidents,injured and killed,2003,200304,535.0
48,Traffic Accidents,injured and killed,2003,200303,476.0
49,Traffic Accidents,injured and killed,2003,200302,308.0
50,Traffic Accidents,injured and killed,2003,200301,358.0
52,Traffic Accidents,injured and killed,2004,200412,416.0
53,Traffic Accidents,injured and killed,2004,200411,439.0
54,Traffic Accidents,injured and killed,2004,200410,561.0
55,Traffic Accidents,injured and killed,2004,200409,659.0
56,Traffic Accidents,injured and killed,2004,200408,584.0
57,Traffic Accidents,injured and killed,2004,200407,811.0
58,Traffic Accidents,injured and killed,2004,200406,598.0
59,Traffic Accidents,injured and killed,2004,200405,600.0
60,Traffic Accidents,injured and killed,2004,200404,461.0
61,Traffic Accidents,injured and killed,2004,200403,403.0
62,Traffic Accidents,injured and killed,2004,200402,310.0
63,Traffic Accidents,injured and killed,2004,200401,377.0
65,Traffic Accidents,injured and killed,2005,200512,460.0
66,Traffic Accidents,injured and killed,2005,200511,458.0
67,Traffic Accidents,injured and killed,2005,200510,568.0
68,Traffic Accidents,injured and killed,2005,200509,825.0
69,Traffic Accidents,injured and killed,2005,200508,582.0
70,Traffic Accidents,injured and killed,2005,200507,675.0
71,Traffic Accidents,injured and killed,2005,200506,729.0
72,Traffic Accidents,injured and killed,2005,200505,618.0
73,Traffic Accidents,injured and killed,2005,200504,514.0
74,Traffic Accidents,injured and killed,2005,200503,385.0
75,Traffic Accidents,injured and killed,2005,200502,282.0
76,Traffic Accidents,injured and killed,2005,200501,306.0
78,Traffic Accidents,injured and killed,2006,200612,466.0
79,Traffic Accidents,injured and killed,2006,200611,468.0
80,Traffic Accidents,injured and killed,2006,200610,632.0
81,Traffic Accidents,injured and killed,2006,200609,490.0
82,Traffic Accidents,injured and killed,2006,200608,513.0
83,Traffic Accidents,injured and killed,2006,200607,787.0
84,Traffic Accidents,injured and killed,2006,200606,479.0
85,Traffic Accidents,injured and killed,2006,200605,564.0
86,Traffic Accidents,injured and killed,2006,200604,387.0
87,Traffic Accidents,injured and killed,2006,200603,375.0
88,Traffic Accidents,injured and killed,2006,200602,279.0
89,Traffic Accidents,injured and killed,2006,200601,364.0
91,Traffic Accidents,injured and killed,2007,200712,414.0
92,Traffic Accidents,injured and killed,2007,200711,405.0
93,Traffic Accidents,injured and killed,2007,200710,491.0
94,Traffic Accidents,injured and killed,2007,200709,462.0
95,Traffic Accidents,injured and killed,2007,200708,422.0
96,Traffic Accidents,injured and killed,2007,200707,511.0
97,Traffic Accidents,injured and killed,2007,200706,535.0
98,Traffic Accidents,injured and killed,2007,200705,591.0
99,Traffic Accidents,injured and killed,2007,200704,500.0
100,Traffic Accidents,injured and killed,2007,200703,347.0
101,Traffic Accidents,injured and killed,2007,200702,277.0
102,Traffic Accidents,injured and killed,2007,200701,268.0
104,Traffic Accidents,injured and killed,2008,200812,272.0
105,Traffic Accidents,injured and killed,2008,200811,321.0
106,Traffic Accidents,injured and killed,2008,200810,455.0
107,Traffic Accidents,injured and killed,2008,200809,422.0
108,Traffic Accidents,injured and killed,2008,200808,480.0
109,Traffic Accidents,injured and killed,2008,200807,538.0
110,Traffic Accidents,injured and killed,2008,200806,473.0
111,Traffic Accidents,injured and killed,2008,200805,534.0
112,Traffic Accidents,injured and killed,2008,200804,355.0
113,Traffic Accidents,injured and killed,2008,200803,254.0
114,Traffic Accidents,injured and killed,2008,200802,340.0
115,Traffic Accidents,injured and killed,2008,200801,307.0
117,Traffic Accidents,injured and killed,2009,200912,391.0
118,Traffic Accidents,injured and killed,2009,200911,366.0
119,Traffic Accidents,injured and killed,2009,200910,432.0
120,Traffic Accidents,injured and killed,2009,200909,452.0
121,Traffic Accidents,injured and killed,2009,200908,466.0
122,Traffic Accidents,injured and killed,2009,200907,556.0
123,Traffic Accidents,injured and killed,2009,200906,443.0
124,Traffic Accidents,injured and killed,2009,200905,535.0
125,Traffic Accidents,injured and killed,2009,200904,416.0
126,Traffic Accidents,injured and killed,2009,200903,245.0
127,Traffic Accidents,injured and killed,2009,200902,340.0
128,Traffic Accidents,injured and killed,2009,200901,223.0
130,Traffic Accidents,injured and killed,2010,201012,277.0
131,Traffic Accidents,injured and killed,2010,201011,383.0
132,Traffic Accidents,injured and killed,2010,201010,524.0
133,Traffic Accidents,injured and killed,2010,201009,534.0
134,Traffic Accidents,injured and killed,2010,201008,481.0
135,Traffic Accidents,injured and killed,2010,201007,721.0
136,Traffic Accidents,injured and killed,2010,201006,517.0
137,Traffic Accidents,injured and killed,2010,201005,389.0
138,Traffic Accidents,injured and killed,2010,201004,216.0
139,Traffic Accidents,injured and killed,2010,201003,341.0
140,Traffic Accidents,injured and killed,2010,201002,247.0
141,Traffic Accidents,injured and killed,2010,201001,192.0
143,Traffic Accidents,injured and killed,2011,201112,370.0
144,Traffic Accidents,injured and killed,2011,201111,438.0
145,Traffic Accidents,injured and killed,2011,201110,481.0
146,Traffic Accidents,injured and killed,2011,201109,519.0
147,Traffic Accidents,injured and killed,2011,201108,487.0
148,Traffic Accidents,injured and killed,2011,201107,637.0
149,Traffic Accidents,injured and killed,2011,201106,472.0
150,Traffic Accidents,injured and killed,2011,201105,765.0
151,Traffic Accidents,injured and killed,2011,201104,604.0
152,Traffic Accidents,injured and killed,2011,201103,425.0
153,Traffic Accidents,injured and killed,2011,201102,343.0
154,Traffic Accidents,injured and killed,2011,201101,328.0
156,Traffic Accidents,injured and killed,2012,201212,317.0
157,Traffic Accidents,injured and killed,2012,201211,471.0
158,Traffic Accidents,injured and killed,2012,201210,580.0
159,Traffic Accidents,injured and killed,2012,201209,632.0
160,Traffic Accidents,injured and killed,2012,201208,635.0
161,Traffic Accidents,injured and killed,2012,201207,730.0
162,Traffic Accidents,injured and killed,2012,201206,681.0
163,Traffic Accidents,injured and killed,2012,201205,719.0
164,Traffic Accidents,injured and killed,2012,201204,485.0
165,Traffic Accidents,injured and killed,2012,201203,526.0
166,Traffic Accidents,injured and killed,2012,201202,290.0
167,Traffic Accidents,injured and killed,2012,201201,338.0
169,Traffic Accidents,injured and killed,2013,201312,423.0
170,Traffic Accidents,injured and killed,2013,201311,483.0
171,Traffic Accidents,injured and killed,2013,201310,595.0
172,Traffic Accidents,injured and killed,2013,201309,617.0
173,Traffic Accidents,injured and killed,2013,201308,645.0
174,Traffic Accidents,injured and killed,2013,201307,976.0
175,Traffic Accidents,injured and killed,2013,201306,734.0
176,Traffic Accidents,injured and killed,2013,201305,530.0
177,Traffic Accidents,injured and killed,2013,201304,523.0
178,Traffic Accidents,injured and killed,2013,201303,350.0
179,Traffic Accidents,injured and killed,2013,201302,326.0
180,Traffic Accidents,injured and killed,2013,201301,320.0
182,Traffic Accidents,injured and killed,2014,201412,413.0
183,Traffic Accidents,injured and killed,2014,201411,464.0
184,Traffic Accidents,injured and killed,2014,201410,652.0
185,Traffic Accidents,injured and killed,2014,201409,620.0
186,Traffic Accidents,injured and killed,2014,201408,517.0
187,Traffic Accidents,injured and killed,2014,201407,783.0
188,Traffic Accidents,injured and killed,2014,201406,656.0
189,Traffic Accidents,injured and killed,2014,201405,671.0
190,Traffic Accidents,injured and killed,2014,201404,549.0
191,Traffic Accidents,injured and killed,2014,201403,559.0
192,Traffic Accidents,injured and killed,2014,201402,372.0
193,Traffic Accidents,injured and killed,2014,201401,412.0
195,Traffic Accidents,injured and killed,2015,201512,479.0
196,Traffic Accidents,injured and killed,2015,201511,506.0
197,Traffic Accidents,injured and killed,2015,201510,569.0
198,Traffic Accidents,injured and killed,2015,201509,614.0
199,Traffic Accidents,injured and killed,2015,201508,546.0
200,Traffic Accidents,injured and killed,2015,201507,809.0
201,Traffic Accidents,injured and killed,2015,201506,673.0
202,Traffic Accidents,injured and killed,2015,201505,604.0
203,Traffic Accidents,injured and killed,2015,201504,598.0
204,Traffic Accidents,injured and killed,2015,201503,471.0
205,Traffic Accidents,injured and killed,2015,201502,321.0
206,Traffic Accidents,injured and killed,2015,201501,334.0
208,Traffic Accidents,injured and killed,2016,201612,381.0
209,Traffic Accidents,injured and killed,2016,201611,489.0
210,Traffic Accidents,injured and killed,2016,201610,559.0
211,Traffic Accidents,injured and killed,2016,201609,759.0
212,Traffic Accidents,injured and killed,2016,201608,540.0
213,Traffic Accidents,injured and killed,2016,201607,742.0
214,Traffic Accidents,injured and killed,2016,201606,691.0
215,Traffic Accidents,injured and killed,2016,201605,602.0
216,Traffic Accidents,injured and killed,2016,201604,545.0
217,Traffic Accidents,injured and killed,2016,201603,370.0
218,Traffic Accidents,injured and killed,2016,201602,351.0
219,Traffic Accidents,injured and killed,2016,201601,380.0
221,Traffic Accidents,injured and killed,2017,201712,376.0
222,Traffic Accidents,injured and killed,2017,201711,443.0
223,Traffic Accidents,injured and killed,2017,201710,572.0
224,Traffic Accidents,injured and killed,2017,201709,546.0
225,Traffic Accidents,injured and killed,2017,201708,504.0
226,Traffic Accidents,injured and killed,2017,201707,752.0
227,Traffic Accidents,injured and killed,2017,201706,668.0
228,Traffic Accidents,injured and killed,2017,201705,631.0
229,Traffic Accidents,injured and killed,2017,201704,439.0
230,Traffic Accidents,injured and killed,2017,201703,486.0
231,Traffic Accidents,injured and killed,2017,201702,334.0
232,Traffic Accidents,injured and killed,2017,201701,307.0
234,Traffic Accidents,injured and killed,2018,201812,348.0
235,Traffic Accidents,injured and killed,2018,201811,485.0
236,Traffic Accidents,injured and killed,2018,201810,616.0
237,Traffic Accidents,injured and killed,2018,201809,645.0
238,Traffic Accidents,injured and killed,2018,201808,529.0
239,Traffic Accidents,injured and killed,2018,201807,852.0
240,Traffic Accidents,injured and killed,2018,201806,732.0
241,Traffic Accidents,injured and killed,2018,201805,640.0
242,Traffic Accidents,injured and killed,2018,201804,619.0
243,Traffic Accidents,injured and killed,2018,201803,383.0
244,Traffic Accidents,injured and killed,2018,201802,328.0
245,Traffic Accidents,injured and killed,2018,201801,350.0
247,Traffic Accidents,injured and killed,2019,201912,378.0
248,Traffic Accidents,injured and killed,2019,201911,453.0
249,Traffic Accidents,injured and killed,2019,201910,591.0
250,Traffic Accidents,injured and killed,2019,201909,609.0
251,Traffic Accidents,injured and killed,2019,201908,532.0
252,Traffic Accidents,injured and killed,2019,201907,898.0
253,Traffic Accidents,injured and killed,2019,201906,710.0
254,Traffic Accidents,injured and killed,2019,201905,484.0
255,Traffic Accidents,injured and killed,2019,201904,515.0
256,Traffic Accidents,injured and killed,2019,201903,427.0
257,Traffic Accidents,injured and killed,2019,201902,345.0
258,Traffic Accidents,injured and killed,2019,201901,297.0
260,Traffic Accidents,injured and killed,2020,202012,311.0
261,Traffic Accidents,injured and killed,2020,202011,348.0
262,Traffic Accidents,injured and killed,2020,202010,566.0
263,Traffic Accidents,injured and killed,2020,202009,634.0
264,Traffic Accidents,injured and killed,2020,202008,563.0
265,Traffic Accidents,injured and killed,2020,202007,821.0
266,Traffic Accidents,injured and killed,2020,202006,585.0
267,Traffic Accidents,injured and killed,2020,202005,464.0
268,Traffic Accidents,injured and killed,2020,202004,363.0
269,Traffic Accidents,injured and killed,2020,202003,334.0
270,Traffic Accidents,injured and killed,2020,202002,355.0
271,Traffic Accidents,injured and killed,2020,202001,360.0
273,Traffic Accidents,with people,2000,200012,403.0
274,Traffic Accidents,with people,2000,200011,461.0
275,Traffic Accidents,with people,2000,200010,493.0
276,Traffic Accidents,with people,2000,200009,557.0
277,Traffic Accidents,with people,2000,200008,525.0
278,Traffic Accidents,with people,2000,200007,610.0
279,Traffic Accidents,with people,2000,200006,555.0
280,Traffic Accidents,with people,2000,200005,568.0
281,Traffic Accidents,with people,2000,200004,441.0
282,Traffic Accidents,with people,2000,200003,414.0
283,Traffic Accidents,with people,2000,200002,329.0
284,Traffic Accidents,with people,2000,200001,321.0
286,Traffic Accidents,with people,2001,200112,377.0
287,Traffic Accidents,with people,2001,200111,436.0
288,Traffic Accidents,with people,2001,200110,581.0
289,Traffic Accidents,with people,2001,200109,497.0
290,Traffic Accidents,with people,2001,200108,510.0
291,Traffic Accidents,with people,2001,200107,755.0
292,Traffic Accidents,with people,2001,200106,560.0
293,Traffic Accidents,with people,2001,200105,655.0
294,Traffic Accidents,with people,2001,200104,454.0
295,Traffic Accidents,with people,2001,200103,426.0
296,Traffic Accidents,with people,2001,200102,343.0
297,Traffic Accidents,with people,2001,200101,354.0
299,Traffic Accidents,with people,2002,200212,304.0
300,Traffic Accidents,with people,2002,200211,448.0
301,Traffic Accidents,with people,2002,200210,467.0
302,Traffic Accidents,with people,2002,200209,509.0
303,Traffic Accidents,with people,2002,200208,479.0
304,Traffic Accidents,with people,2002,200207,711.0
305,Traffic Accidents,with people,2002,200206,675.0
306,Traffic Accidents,with people,2002,200205,537.0
307,Traffic Accidents,with people,2002,200204,432.0
308,Traffic Accidents,with people,2002,200203,414.0
309,Traffic Accidents,with people,2002,200202,316.0
310,Traffic Accidents,with people,2002,200201,328.0
312,Traffic Accidents,with people,2003,200312,383.0
313,Traffic Accidents,with people,2003,200311,359.0
314,Traffic Accidents,with people,2003,200310,466.0
315,Traffic Accidents,with people,2003,200309,452.0
316,Traffic Accidents,with people,2003,200308,461.0
317,Traffic Accidents,with people,2003,200307,538.0
318,Traffic Accidents,with people,2003,200306,566.0
319,Traffic Accidents,with people,2003,200305,510.0
320,Traffic Accidents,with people,2003,200304,429.0
321,Traffic Accidents,with people,2003,200303,374.0
322,Traffic Accidents,with people,2003,200302,232.0
323,Traffic Accidents,with people,2003,200301,282.0
325,Traffic Accidents,with people,2004,200412,416.0
326,Traffic Accidents,with people,2004,200411,360.0
327,Traffic Accidents,with people,2004,200410,465.0
328,Traffic Accidents,with people,2004,200409,541.0
329,Traffic Accidents,with people,2004,200408,584.0
330,Traffic Accidents,with people,2004,200407,646.0
331,Traffic Accidents,with people,2004,200406,491.0
332,Traffic Accidents,with people,2004,200405,476.0
333,Traffic Accidents,with people,2004,200404,388.0
334,Traffic Accidents,with people,2004,200403,321.0
335,Traffic Accidents,with people,2004,200402,240.0
336,Traffic Accidents,with people,2004,200401,286.0
338,Traffic Accidents,with people,2005,200512,487.0
339,Traffic Accidents,with people,2005,200511,496.0
340,Traffic Accidents,with people,2005,200510,451.0
341,Traffic Accidents,with people,2005,200509,678.0
342,Traffic Accidents,with people,2005,200508,462.0
343,Traffic Accidents,with people,2005,200507,558.0
344,Traffic Accidents,with people,2005,200506,627.0
345,Traffic Accidents,with people,2005,200505,521.0
346,Traffic Accidents,with people,2005,200504,422.0
347,Traffic Accidents,with people,2005,200503,299.0
348,Traffic Accidents,with people,2005,200502,229.0
349,Traffic Accidents,with people,2005,200501,244.0
351,Traffic Accidents,with people,2006,200612,386.0
352,Traffic Accidents,with people,2006,200611,384.0
353,Traffic Accidents,with people,2006,200610,500.0
354,Traffic Accidents,with people,2006,200609,407.0
355,Traffic Accidents,with people,2006,200608,422.0
356,Traffic Accidents,with people,2006,200607,671.0
357,Traffic Accidents,with people,2006,200606,406.0
358,Traffic Accidents,with people,2006,200605,471.0
359,Traffic Accidents,with people,2006,200604,301.0
360,Traffic Accidents,with people,2006,200603,275.0
361,Traffic Accidents,with people,2006,200602,237.0
362,Traffic Accidents,with people,2006,200601,291.0
364,Traffic Accidents,with people,2007,200712,333.0
365,Traffic Accidents,with people,2007,200711,324.0
366,Traffic Accidents,with people,2007,200710,405.0
367,Traffic Accidents,with people,2007,200709,385.0
368,Traffic Accidents,with people,2007,200708,344.0
369,Traffic Accidents,with people,2007,200707,435.0
370,Traffic Accidents,with people,2007,200706,444.0
371,Traffic Accidents,with people,2007,200705,482.0
372,Traffic Accidents,with people,2007,200704,396.0
373,Traffic Accidents,with people,2007,200703,293.0
374,Traffic Accidents,with people,2007,200702,217.0
375,Traffic Accidents,with people,2007,200701,218.0
377,Traffic Accidents,with people,2008,200812,230.0
378,Traffic Accidents,with people,2008,200811,281.0
379,Traffic Accidents,with people,2008,200810,373.0
380,Traffic Accidents,with people,2008,200809,360.0
381,Traffic Accidents,with people,2008,200808,402.0
382,Traffic Accidents,with people,2008,200807,459.0
383,Traffic Accidents,with people,2008,200806,424.0
384,Traffic Accidents,with people,2008,200805,445.0
385,Traffic Accidents,with people,2008,200804,315.0
386,Traffic Accidents,with people,2008,200803,210.0
387,Traffic Accidents,with people,2008,200802,279.0
388,Traffic Accidents,with people,2008,200801,260.0
390,Traffic Accidents,with people,2009,200912,312.0
391,Traffic Accidents,with people,2009,200911,312.0
392,Traffic Accidents,with people,2009,200910,360.0
393,Traffic Accidents,with people,2009,200909,388.0
394,Traffic Accidents,with people,2009,200908,376.0
395,Traffic Accidents,with people,2009,200907,476.0
396,Traffic Accidents,with people,2009,200906,371.0
397,Traffic Accidents,with people,2009,200905,454.0
398,Traffic Accidents,with people,2009,200904,357.0
399,Traffic Accidents,with people,2009,200903,202.0
400,Traffic Accidents,with people,2009,200902,273.0
401,Traffic Accidents,with people,2009,200901,184.0
403,Traffic Accidents,with people,2010,201012,223.0
404,Traffic Accidents,with people,2010,201011,319.0
405,Traffic Accidents,with people,2010,201010,432.0
406,Traffic Accidents,with people,2010,201009,456.0
407,Traffic Accidents,with people,2010,201008,416.0
408,Traffic Accidents,with people,2010,201007,619.0
409,Traffic Accidents,with people,2010,201006,440.0
410,Traffic Accidents,with people,2010,201005,320.0
411,Traffic Accidents,with people,2010,201004,377.0
412,Traffic Accidents,with people,2010,201003,291.0
413,Traffic Accidents,with people,2010,201002,200.0
414,Traffic Accidents,with people,2010,201001,147.0
416,Traffic Accidents,with people,2011,201112,315.0
417,Traffic Accidents,with people,2011,201111,359.0
418,Traffic Accidents,with people,2011,201110,393.0
419,Traffic Accidents,with people,2011,201109,441.0
420,Traffic Accidents,with people,2011,201108,402.0
421,Traffic Accidents,with people,2011,201107,532.0
422,Traffic Accidents,with people,2011,201106,399.0
423,Traffic Accidents,with people,2011,201105,636.0
424,Traffic Accidents,with people,2011,201104,505.0
425,Traffic Accidents,with people,2011,201103,373.0
426,Traffic Accidents,with people,2011,201102,264.0
427,Traffic Accidents,with people,2011,201101,255.0
429,Traffic Accidents,with people,2012,201212,248.0
430,Traffic Accidents,with people,2012,201211,394.0
431,Traffic Accidents,with people,2012,201210,477.0
432,Traffic Accidents,with people,2012,201209,532.0
433,Traffic Accidents,with people,2012,201208,545.0
434,Traffic Accidents,with people,2012,201207,632.0
435,Traffic Accidents,with people,2012,201206,577.0
436,Traffic Accidents,with people,2012,201205,596.0
437,Traffic Accidents,with people,2012,201204,394.0
438,Traffic Accidents,with people,2012,201203,424.0
439,Traffic Accidents,with people,2012,201202,233.0
440,Traffic Accidents,with people,2012,201201,273.0
442,Traffic Accidents,with people,2013,201312,356.0
443,Traffic Accidents,with people,2013,201311,388.0
444,Traffic Accidents,with people,2013,201310,510.0
445,Traffic Accidents,with people,2013,201309,531.0
446,Traffic Accidents,with people,2013,201308,514.0
447,Traffic Accidents,with people,2013,201307,812.0
448,Traffic Accidents,with people,2013,201306,580.0
449,Traffic Accidents,with people,2013,201305,454.0
450,Traffic Accidents,with people,2013,201304,440.0
451,Traffic Accidents,with people,2013,201303,284.0
452,Traffic Accidents,with people,2013,201302,263.0
453,Traffic Accidents,with people,2013,201301,254.0
455,Traffic Accidents,with people,2014,201412,331.0
456,Traffic Accidents,with people,2014,201411,401.0
457,Traffic Accidents,with people,2014,201410,529.0
458,Traffic Accidents,with people,2014,201409,534.0
459,Traffic Accidents,with people,2014,201408,432.0
460,Traffic Accidents,with people,2014,201407,654.0
461,Traffic Accidents,with people,2014,201406,558.0
462,Traffic Accidents,with people,2014,201405,536.0
463,Traffic Accidents,with people,2014,201404,455.0
464,Traffic Accidents,with people,2014,201403,460.0
465,Traffic Accidents,with people,2014,201402,309.0
466,Traffic Accidents,with people,2014,201401,324.0
468,Traffic Accidents,with people,2015,201512,384.0
469,Traffic Accidents,with people,2015,201511,430.0
470,Traffic Accidents,with people,2015,201510,475.0
471,Traffic Accidents,with people,2015,201509,509.0
472,Traffic Accidents,with people,2015,201508,481.0
473,Traffic Accidents,with people,2015,201507,708.0
474,Traffic Accidents,with people,2015,201506,560.0
475,Traffic Accidents,with people,2015,201505,487.0
476,Traffic Accidents,with people,2015,201504,495.0
477,Traffic Accidents,with people,2015,201503,376.0
478,Traffic Accidents,with people,2015,201502,262.0
479,Traffic Accidents,with people,2015,201501,263.0
481,Traffic Accidents,with people,2016,201612,317.0
482,Traffic Accidents,with people,2016,201611,402.0
483,Traffic Accidents,with people,2016,201610,448.0
484,Traffic Accidents,with people,2016,201609,627.0
485,Traffic Accidents,with people,2016,201608,469.0
486,Traffic Accidents,with people,2016,201607,623.0
487,Traffic Accidents,with people,2016,201606,592.0
488,Traffic Accidents,with people,2016,201605,502.0
489,Traffic Accidents,with people,2016,201604,447.0
490,Traffic Accidents,with people,2016,201603,299.0
491,Traffic Accidents,with people,2016,201602,305.0
492,Traffic Accidents,with people,2016,201601,298.0
494,Traffic Accidents,with people,2017,201712,307.0
495,Traffic Accidents,with people,2017,201711,373.0
496,Traffic Accidents,with people,2017,201710,490.0
497,Traffic Accidents,with people,2017,201709,430.0
498,Traffic Accidents,with people,2017,201708,447.0
499,Traffic Accidents,with people,2017,201707,611.0
500,Traffic Accidents,with people,2017,201706,568.0
501,Traffic Accidents,with people,2017,201705,545.0
502,Traffic Accidents,with people,2017,201704,365.0
503,Traffic Accidents,with people,2017,201703,407.0
504,Traffic Accidents,with people,2017,201702,277.0
505,Traffic Accidents,with people,2017,201701,242.0
507,Traffic Accidents,with people,2018,201812,282.0
508,Traffic Accidents,with people,2018,201811,407.0
509,Traffic Accidents,with people,2018,201810,529.0
510,Traffic Accidents,with people,2018,201809,528.0
511,Traffic Accidents,with people,2018,201808,456.0
512,Traffic Accidents,with people,2018,201807,714.0
513,Traffic Accidents,with people,2018,201806,622.0
514,Traffic Accidents,with people,2018,201805,528.0
515,Traffic Accidents,with people,2018,201804,519.0
516,Traffic Accidents,with people,2018,201803,331.0
517,Traffic Accidents,with people,2018,201802,265.0
518,Traffic Accidents,with people,2018,201801,290.0
520,Traffic Accidents,with people,2019,201912,326.0
521,Traffic Accidents,with people,2019,201911,383.0
522,Traffic Accidents,with people,2019,201910,500.0
523,Traffic Accidents,with people,2019,201909,533.0
524,Traffic Accidents,with people,2019,201908,451.0
525,Traffic Accidents,with people,2019,201907,762.0
526,Traffic Accidents,with people,2019,201906,615.0
527,Traffic Accidents,with people,2019,201905,416.0
528,Traffic Accidents,with people,2019,201904,426.0
529,Traffic Accidents,with people,2019,201903,369.0
530,Traffic Accidents,with people,2019,201902,289.0
531,Traffic Accidents,with people,2019,201901,243.0
533,Traffic Accidents,with people,2020,202012,270.0
534,Traffic Accidents,with people,2020,202011,297.0
535,Traffic Accidents,with people,2020,202010,489.0
536,Traffic Accidents,with people,2020,202009,555.0
537,Traffic Accidents,with people,2020,202008,487.0
538,Traffic Accidents,with people,2020,202007,717.0
539,Traffic Accidents,with people,2020,202006,496.0
540,Traffic Accidents,with people,2020,202005,416.0
541,Traffic Accidents,with people,2020,202004,314.0
542,Traffic Accidents,with people,2020,202003,270.0
543,Traffic Accidents,with people,2020,202002,306.0
544,Traffic Accidents,with people,2020,202001,301.0
546,Traffic Accidents,subtotal,2000,200012,3789.0
547,Traffic Accidents,subtotal,2000,200011,3931.0
548,Traffic Accidents,subtotal,2000,200010,4117.0
549,Traffic Accidents,subtotal,2000,200009,3807.0
550,Traffic Accidents,subtotal,2000,200008,3387.0
551,Traffic Accidents,subtotal,2000,200007,4282.0
552,Traffic Accidents,subtotal,2000,200006,3329.0
553,Traffic Accidents,subtotal,2000,200005,4123.0
554,Traffic Accidents,subtotal,2000,200004,3317.0
555,Traffic Accidents,subtotal,2000,200003,3783.0
556,Traffic Accidents,subtotal,2000,200002,3181.0
557,Traffic Accidents,subtotal,2000,200001,3448.0
559,Traffic Accidents,subtotal,2001,200112,3989.0
560,Traffic Accidents,subtotal,2001,200111,4022.0
561,Traffic Accidents,subtotal,2001,200110,4250.0
562,Traffic Accidents,subtotal,2001,200109,3939.0
563,Traffic Accidents,subtotal,2001,200108,3351.0
564,Traffic Accidents,subtotal,2001,200107,4288.0
565,Traffic Accidents,subtotal,2001,200106,3715.0
566,Traffic Accidents,subtotal,2001,200105,4128.0
567,Traffic Accidents,subtotal,2001,200104,3565.0
568,Traffic Accidents,subtotal,2001,200103,3970.0
569,Traffic Accidents,subtotal,2001,200102,3148.0
570,Traffic Accidents,subtotal,2001,200101,3348.0
572,Traffic Accidents,subtotal,2002,200212,3023.0
573,Traffic Accidents,subtotal,2002,200211,3529.0
574,Traffic Accidents,subtotal,2002,200210,3859.0
575,Traffic Accidents,subtotal,2002,200209,3436.0
576,Traffic Accidents,subtotal,2002,200208,3007.0
577,Traffic Accidents,subtotal,2002,200207,3960.0
578,Traffic Accidents,subtotal,2002,200206,3586.0
579,Traffic Accidents,subtotal,2002,200205,3731.0
580,Traffic Accidents,subtotal,2002,200204,3142.0
581,Traffic Accidents,subtotal,2002,200203,3380.0
582,Traffic Accidents,subtotal,2002,200202,2892.0
583,Traffic Accidents,subtotal,2002,200201,3063.0
585,Traffic Accidents,subtotal,2003,200312,3527.0
586,Traffic Accidents,subtotal,2003,200311,3325.0
587,Traffic Accidents,subtotal,2003,200310,3631.0
588,Traffic Accidents,subtotal,2003,200309,3393.0
589,Traffic Accidents,subtotal,2003,200308,2837.0
590,Traffic Accidents,subtotal,2003,200307,3321.0
591,Traffic Accidents,subtotal,2003,200306,3139.0
592,Traffic Accidents,subtotal,2003,200305,3255.0
593,Traffic Accidents,subtotal,2003,200304,3106.0
594,Traffic Accidents,subtotal,2003,200303,3060.0
595,Traffic Accidents,subtotal,2003,200302,2968.0
596,Traffic Accidents,subtotal,2003,200301,3073.0
598,Traffic Accidents,subtotal,2004,200412,3792.0
599,Traffic Accidents,subtotal,2004,200411,3449.0
600,Traffic Accidents,subtotal,2004,200410,3716.0
601,Traffic Accidents,subtotal,2004,200409,3663.0
602,Traffic Accidents,subtotal,2004,200408,2926.0
603,Traffic Accidents,subtotal,2004,200407,3760.0
604,Traffic Accidents,subtotal,2004,200406,3229.0
605,Traffic Accidents,subtotal,2004,200405,3378.0
606,Traffic Accidents,subtotal,2004,200404,3183.0
607,Traffic Accidents,subtotal,2004,200403,3271.0
608,Traffic Accidents,subtotal,2004,200402,2728.0
609,Traffic Accidents,subtotal,2004,200401,2969.0
611,Traffic Accidents,subtotal,2005,200512,3549.0
612,Traffic Accidents,subtotal,2005,200511,3205.0
613,Traffic Accidents,subtotal,2005,200510,3503.0
614,Traffic Accidents,subtotal,2005,200509,3921.0
615,Traffic Accidents,subtotal,2005,200508,2965.0
616,Traffic Accidents,subtotal,2005,200507,3631.0
617,Traffic Accidents,subtotal,2005,200506,3499.0
618,Traffic Accidents,subtotal,2005,200505,3321.0
619,Traffic Accidents,subtotal,2005,200504,3320.0
620,Traffic Accidents,subtotal,2005,200503,3560.0
621,Traffic Accidents,subtotal,2005,200502,3461.0
622,Traffic Accidents,subtotal,2005,200501,2788.0
624,Traffic Accidents,subtotal,2006,200612,3419.0
625,Traffic Accidents,subtotal,2006,200611,3073.0
626,Traffic Accidents,subtotal,2006,200610,3286.0
627,Traffic Accidents,subtotal,2006,200609,3233.0
628,Traffic Accidents,subtotal,2006,200608,2993.0
629,Traffic Accidents,subtotal,2006,200607,3611.0
630,Traffic Accidents,subtotal,2006,200606,2853.0
631,Traffic Accidents,subtotal,2006,200605,3032.0
632,Traffic Accidents,subtotal,2006,200604,2874.0
633,Traffic Accidents,subtotal,2006,200603,4165.0
634,Traffic Accidents,subtotal,2006,200602,2901.0
635,Traffic Accidents,subtotal,2006,200601,2893.0
637,Traffic Accidents,subtotal,2007,200712,3184.0
638,Traffic Accidents,subtotal,2007,200711,3444.0
639,Traffic Accidents,subtotal,2007,200710,3695.0
640,Traffic Accidents,subtotal,2007,200709,3414.0
641,Traffic Accidents,subtotal,2007,200708,2943.0
642,Traffic Accidents,subtotal,2007,200707,3622.0
643,Traffic Accidents,subtotal,2007,200706,3225.0
644,Traffic Accidents,subtotal,2007,200705,3529.0
645,Traffic Accidents,subtotal,2007,200704,3292.0
646,Traffic Accidents,subtotal,2007,200703,2836.0
647,Traffic Accidents,subtotal,2007,200702,2643.0
648,Traffic Accidents,subtotal,2007,200701,2735.0
650,Traffic Accidents,subtotal,2008,200812,2888.0
651,Traffic Accidents,subtotal,2008,200811,2983.0
652,Traffic Accidents,subtotal,2008,200810,3683.0
653,Traffic Accidents,subtotal,2008,200809,3271.0
654,Traffic Accidents,subtotal,2008,200808,2870.0
655,Traffic Accidents,subtotal,2008,200807,3500.0
656,Traffic Accidents,subtotal,2008,200806,3374.0
657,Traffic Accidents,subtotal,2008,200805,3428.0
658,Traffic Accidents,subtotal,2008,200804,3339.0
659,Traffic Accidents,subtotal,2008,200803,2910.0
660,Traffic Accidents,subtotal,2008,200802,3171.0
661,Traffic Accidents,subtotal,2008,200801,2945.0
663,Traffic Accidents,subtotal,2009,200912,3202.0
664,Traffic Accidents,subtotal,2009,200911,3294.0
665,Traffic Accidents,subtotal,2009,200910,3567.0
666,Traffic Accidents,subtotal,2009,200909,3252.0
667,Traffic Accidents,subtotal,2009,200908,2749.0
668,Traffic Accidents,subtotal,2009,200907,3622.0
669,Traffic Accidents,subtotal,2009,200906,2876.0
670,Traffic Accidents,subtotal,2009,200905,3240.0
671,Traffic Accidents,subtotal,2009,200904,2953.0
672,Traffic Accidents,subtotal,2009,200903,2744.0
673,Traffic Accidents,subtotal,2009,200902,3480.0
674,Traffic Accidents,subtotal,2009,200901,2482.0
676,Traffic Accidents,subtotal,2010,201012,3413.0
677,Traffic Accidents,subtotal,2010,201011,3329.0
678,Traffic Accidents,subtotal,2010,201010,3500.0
679,Traffic Accidents,subtotal,2010,201009,3524.0
680,Traffic Accidents,subtotal,2010,201008,2843.0
681,Traffic Accidents,subtotal,2010,201007,3712.0
682,Traffic Accidents,subtotal,2010,201006,3193.0
683,Traffic Accidents,subtotal,2010,201005,2974.0
684,Traffic Accidents,subtotal,2010,201004,3202.0
685,Traffic Accidents,subtotal,2010,201003,3309.0
686,Traffic Accidents,subtotal,2010,201002,2539.0
687,Traffic Accidents,subtotal,2010,201001,2346.0
689,Traffic Accidents,subtotal,2011,201112,3506.0
690,Traffic Accidents,subtotal,2011,201111,3567.0
691,Traffic Accidents,subtotal,2011,201110,3830.0
692,Traffic Accidents,subtotal,2011,201109,3730.0
693,Traffic Accidents,subtotal,2011,201108,3322.0
694,Traffic Accidents,subtotal,2011,201107,4074.0
695,Traffic Accidents,subtotal,2011,201106,3212.0
696,Traffic Accidents,subtotal,2011,201105,4143.0
697,Traffic Accidents,subtotal,2011,201104,3529.0
698,Traffic Accidents,subtotal,2011,201103,3523.0
699,Traffic Accidents,subtotal,2011,201102,2903.0
700,Traffic Accidents,subtotal,2011,201101,2775.0
702,Traffic Accidents,subtotal,2012,201212,3395.0
703,Traffic Accidents,subtotal,2012,201211,3839.0
704,Traffic Accidents,subtotal,2012,201210,4146.0
705,Traffic Accidents,subtotal,2012,201209,3962.0
706,Traffic Accidents,subtotal,2012,201208,3452.0
707,Traffic Accidents,subtotal,2012,201207,4281.0
708,Traffic Accidents,subtotal,2012,201206,4018.0
709,Traffic Accidents,subtotal,2012,201205,4114.0
710,Traffic Accidents,subtotal,2012,201204,3667.0
711,Traffic Accidents,subtotal,2012,201203,3739.0
712,Traffic Accidents,subtotal,2012,201202,3102.0
713,Traffic Accidents,subtotal,2012,201201,3176.0
715,Traffic Accidents,subtotal,2013,201312,3764.0
716,Traffic Accidents,subtotal,2013,201311,4043.0
717,Traffic Accidents,subtotal,2013,201310,4533.0
718,Traffic Accidents,subtotal,2013,201309,4130.0
719,Traffic Accidents,subtotal,2013,201308,3387.0
720,Traffic Accidents,subtotal,2013,201307,4641.0
721,Traffic Accidents,subtotal,2013,201306,4284.0
722,Traffic Accidents,subtotal,2013,201305,3703.0
723,Traffic Accidents,subtotal,2013,201304,4008.0
724,Traffic Accidents,subtotal,2013,201303,3712.0
725,Traffic Accidents,subtotal,2013,201302,3467.0
726,Traffic Accidents,subtotal,2013,201301,3316.0
728,Traffic Accidents,subtotal,2014,201412,3919.0
729,Traffic Accidents,subtotal,2014,201411,3904.0
730,Traffic Accidents,subtotal,2014,201410,4251.0
731,Traffic Accidents,subtotal,2014,201409,4137.0
732,Traffic Accidents,subtotal,2014,201408,3379.0
733,Traffic Accidents,subtotal,2014,201407,4443.0
734,Traffic Accidents,subtotal,2014,201406,3833.0
735,Traffic Accidents,subtotal,2014,201405,4346.0
736,Traffic Accidents,subtotal,2014,201404,3840.0
737,Traffic Accidents,subtotal,2014,201403,4027.0
738,Traffic Accidents,subtotal,2014,201402,3315.0
739,Traffic Accidents,subtotal,2014,201401,3410.0
741,Traffic Accidents,subtotal,2015,201512,3862.0
742,Traffic Accidents,subtotal,2015,201511,3992.0
743,Traffic Accidents,subtotal,2015,201510,4467.0
744,Traffic Accidents,subtotal,2015,201509,4015.0
745,Traffic Accidents,subtotal,2015,201508,3431.0
746,Traffic Accidents,subtotal,2015,201507,4729.0
747,Traffic Accidents,subtotal,2015,201506,3898.0
748,Traffic Accidents,subtotal,2015,201505,3915.0
749,Traffic Accidents,subtotal,2015,201504,4022.0
750,Traffic Accidents,subtotal,2015,201503,3888.0
751,Traffic Accidents,subtotal,2015,201502,3090.0
752,Traffic Accidents,subtotal,2015,201501,3326.0
754,Traffic Accidents,subtotal,2016,201612,3700.0
755,Traffic Accidents,subtotal,2016,201611,3998.0
756,Traffic Accidents,subtotal,2016,201610,4297.0
757,Traffic Accidents,subtotal,2016,201609,4289.0
758,Traffic Accidents,subtotal,2016,201608,3400.0
759,Traffic Accidents,subtotal,2016,201607,4478.0
760,Traffic Accidents,subtotal,2016,201606,4260.0
761,Traffic Accidents,subtotal,2016,201605,3833.0
762,Traffic Accidents,subtotal,2016,201604,4209.0
763,Traffic Accidents,subtotal,2016,201603,3653.0
764,Traffic Accidents,subtotal,2016,201602,3383.0
765,Traffic Accidents,subtotal,2016,201601,3297.0
767,Traffic Accidents,subtotal,2017,201712,3494.0
768,Traffic Accidents,subtotal,2017,201711,3809.0
769,Traffic Accidents,subtotal,2017,201710,4198.0
770,Traffic Accidents,subtotal,2017,201709,4017.0
771,Traffic Accidents,subtotal,2017,201708,3267.0
772,Traffic Accidents,subtotal,2017,201707,4355.0
773,Traffic Accidents,subtotal,2017,201706,3818.0
774,Traffic Accidents,subtotal,2017,201705,4314.0
775,Traffic Accidents,subtotal,2017,201704,3533.0
776,Traffic Accidents,subtotal,2017,201703,4106.0
777,Traffic Accidents,subtotal,2017,201702,3223.0
778,Traffic Accidents,subtotal,2017,201701,3320.0
780,Traffic Accidents,subtotal,2018,201812,3550.0
781,Traffic Accidents,subtotal,2018,201811,4027.0
782,Traffic Accidents,subtotal,2018,201810,4468.0
783,Traffic Accidents,subtotal,2018,201809,4124.0
784,Traffic Accidents,subtotal,2018,201808,3206.0
785,Traffic Accidents,subtotal,2018,201807,4547.0
786,Traffic Accidents,subtotal,2018,201806,4284.0
787,Traffic Accidents,subtotal,2018,201805,3953.0
788,Traffic Accidents,subtotal,2018,201804,4016.0
789,Traffic Accidents,subtotal,2018,201803,3796.0
790,Traffic Accidents,subtotal,2018,201802,3109.0
791,Traffic Accidents,subtotal,2018,201801,3328.0
793,Traffic Accidents,subtotal,2019,201912,3462.0
794,Traffic Accidents,subtotal,2019,201911,3805.0
795,Traffic Accidents,subtotal,2019,201910,4348.0
796,Traffic Accidents,subtotal,2019,201909,4042.0
797,Traffic Accidents,subtotal,2019,201908,3214.0
798,Traffic Accidents,subtotal,2019,201907,4763.0
799,Traffic Accidents,subtotal,2019,201906,3727.0
800,Traffic Accidents,subtotal,2019,201905,4046.0
801,Traffic Accidents,subtotal,2019,201904,3781.0
802,Traffic Accidents,subtotal,2019,201903,3940.0
803,Traffic Accidents,subtotal,2019,201902,3442.0
804,Traffic Accidents,subtotal,2019,201901,3440.0
806,Traffic Accidents,subtotal,2020,202012,2661.0
807,Traffic Accidents,subtotal,2020,202011,3150.0
808,Traffic Accidents,subtotal,2020,202010,3867.0
809,Traffic Accidents,subtotal,2020,202009,3659.0
810,Traffic Accidents,subtotal,2020,202008,3007.0
811,Traffic Accidents,subtotal,2020,202007,4031.0
812,Traffic Accidents,subtotal,2020,202006,3380.0
813,Traffic Accidents,subtotal,2020,202005,3193.0
814,Traffic Accidents,subtotal,2020,202004,2251.0
815,Traffic Accidents,subtotal,2020,202003,2825.0
816,Traffic Accidents,subtotal,2020,202002,3271.0
817,Traffic Accidents,subtotal,2020,202001,3139.0
819,Escape Accidents,injured and killed,2000,200012,45.0
820,Escape Accidents,injured and killed,2000,200011,56.0
821,Escape Accidents,injured and killed,2000,200010,47.0
822,Escape Accidents,injured and killed,2000,200009,68.0
823,Escape Accidents,injured and killed,2000,200008,74.0
824,Escape Accidents,injured and killed,2000,200007,67.0
825,Escape Accidents,injured and killed,2000,200006,58.0
826,Escape Accidents,injured and killed,2000,200005,69.0
827,Escape Accidents,injured and killed,2000,200004,57.0
828,Escape Accidents,injured and killed,2000,200003,48.0
829,Escape Accidents,injured and killed,2000,200002,35.0
830,Escape Accidents,injured and killed,2000,200001,34.0
832,Escape Accidents,injured and killed,2001,200112,39.0
833,Escape Accidents,injured and killed,2001,200111,32.0
834,Escape Accidents,injured and killed,2001,200110,85.0
835,Escape Accidents,injured and killed,2001,200109,40.0
836,Escape Accidents,injured and killed,2001,200108,57.0
837,Escape Accidents,injured and killed,2001,200107,83.0
838,Escape Accidents,injured and killed,2001,200106,78.0
839,Escape Accidents,injured and killed,2001,200105,67.0
840,Escape Accidents,injured and killed,2001,200104,68.0
841,Escape Accidents,injured and killed,2001,200103,43.0
842,Escape Accidents,injured and killed,2001,200102,51.0
843,Escape Accidents,injured and killed,2001,200101,44.0
845,Escape Accidents,injured and killed,2002,200212,38.0
846,Escape Accidents,injured and killed,2002,200211,50.0
847,Escape Accidents,injured and killed,2002,200210,49.0
848,Escape Accidents,injured and killed,2002,200209,77.0
849,Escape Accidents,injured and killed,2002,200208,50.0
850,Escape Accidents,injured and killed,2002,200207,72.0
851,Escape Accidents,injured and killed,2002,200206,74.0
852,Escape Accidents,injured and killed,2002,200205,73.0
853,Escape Accidents,injured and killed,2002,200204,37.0
854,Escape Accidents,injured and killed,2002,200203,39.0
855,Escape Accidents,injured and killed,2002,200202,33.0
856,Escape Accidents,injured and killed,2002,200201,36.0
858,Escape Accidents,injured and killed,2003,200312,78.0
859,Escape Accidents,injured and killed,2003,200311,59.0
860,Escape Accidents,injured and killed,2003,200310,47.0
861,Escape Accidents,injured and killed,2003,200309,50.0
862,Escape Accidents,injured and killed,2003,200308,41.0
863,Escape Accidents,injured and killed,2003,200307,35.0
864,Escape Accidents,injured and killed,2003,200306,81.0
865,Escape Accidents,injured and killed,2003,200305,56.0
866,Escape Accidents,injured and killed,2003,200304,30.0
867,Escape Accidents,injured and killed,2003,200303,44.0
868,Escape Accidents,injured and killed,2003,200302,20.0
869,Escape Accidents,injured and killed,2003,200301,21.0
871,Escape Accidents,injured and killed,2004,200412,45.0
872,Escape Accidents,injured and killed,2004,200411,46.0
873,Escape Accidents,injured and killed,2004,200410,40.0
874,Escape Accidents,injured and killed,2004,200409,63.0
875,Escape Accidents,injured and killed,2004,200408,48.0
876,Escape Accidents,injured and killed,2004,200407,83.0
877,Escape Accidents,injured and killed,2004,200406,53.0
878,Escape Accidents,injured and killed,2004,200405,41.0
879,Escape Accidents,injured and killed,2004,200404,39.0
880,Escape Accidents,injured and killed,2004,200403,20.0
881,Escape Accidents,injured and killed,2004,200402,31.0
882,Escape Accidents,injured and killed,2004,200401,33.0
884,Escape Accidents,injured and killed,2005,200512,32.0
885,Escape Accidents,injured and killed,2005,200511,27.0
886,Escape Accidents,injured and killed,2005,200510,54.0
887,Escape Accidents,injured and killed,2005,200509,81.0
888,Escape Accidents,injured and killed,2005,200508,37.0
889,Escape Accidents,injured and killed,2005,200507,65.0
890,Escape Accidents,injured and killed,2005,200506,53.0
891,Escape Accidents,injured and killed,2005,200505,52.0
892,Escape Accidents,injured and killed,2005,200504,45.0
893,Escape Accidents,injured and killed,2005,200503,33.0
894,Escape Accidents,injured and killed,2005,200502,22.0
895,Escape Accidents,injured and killed,2005,200501,24.0
897,Escape Accidents,injured and killed,2006,200612,44.0
898,Escape Accidents,injured and killed,2006,200611,38.0
899,Escape Accidents,injured and killed,2006,200610,43.0
900,Escape Accidents,injured and killed,2006,200609,66.0
901,Escape Accidents,injured and killed,2006,200608,40.0
902,Escape Accidents,injured and killed,2006,200607,78.0
903,Escape Accidents,injured and killed,2006,200606,40.0
904,Escape Accidents,injured and killed,2006,200605,33.0
905,Escape Accidents,injured and killed,2006,200604,25.0
906,Escape Accidents,injured and killed,2006,200603,34.0
907,Escape Accidents,injured and killed,2006,200602,33.0
908,Escape Accidents,injured and killed,2006,200601,31.0
910,Escape Accidents,injured and killed,2007,200712,29.0
911,Escape Accidents,injured and killed,2007,200711,46.0
912,Escape Accidents,injured and killed,2007,200710,49.0
913,Escape Accidents,injured and killed,2007,200709,41.0
914,Escape Accidents,injured and killed,2007,200708,39.0
915,Escape Accidents,injured and killed,2007,200707,59.0
916,Escape Accidents,injured and killed,2007,200706,50.0
917,Escape Accidents,injured and killed,2007,200705,48.0
918,Escape Accidents,injured and killed,2007,200704,43.0
919,Escape Accidents,injured and killed,2007,200703,20.0
920,Escape Accidents,injured and killed,2007,200702,33.0
921,Escape Accidents,injured and killed,2007,200701,19.0
923,Escape Accidents,injured and killed,2008,200812,27.0
924,Escape Accidents,injured and killed,2008,200811,27.0
925,Escape Accidents,injured and killed,2008,200810,46.0
926,Escape Accidents,injured and killed,2008,200809,48.0
927,Escape Accidents,injured and killed,2008,200808,55.0
928,Escape Accidents,injured and killed,2008,200807,48.0
929,Escape Accidents,injured and killed,2008,200806,59.0
930,Escape Accidents,injured and killed,2008,200805,57.0
931,Escape Accidents,injured and killed,2008,200804,41.0
932,Escape Accidents,injured and killed,2008,200803,25.0
933,Escape Accidents,injured and killed,2008,200802,29.0
934,Escape Accidents,injured and killed,2008,200801,27.0
936,Escape Accidents,injured and killed,2009,200912,37.0
937,Escape Accidents,injured and killed,2009,200911,34.0
938,Escape Accidents,injured and killed,2009,200910,47.0
939,Escape Accidents,injured and killed,2009,200909,37.0
940,Escape Accidents,injured and killed,2009,200908,40.0
941,Escape Accidents,injured and killed,2009,200907,61.0
942,Escape Accidents,injured and killed,2009,200906,34.0
943,Escape Accidents,injured and killed,2009,200905,49.0
944,Escape Accidents,injured and killed,2009,200904,43.0
945,Escape Accidents,injured and killed,2009,200903,20.0
946,Escape Accidents,injured and killed,2009,200902,35.0
947,Escape Accidents,injured and killed,2009,200901,22.0
949,Escape Accidents,injured and killed,2010,201012,23.0
950,Escape Accidents,injured and killed,2010,201011,33.0
951,Escape Accidents,injured and killed,2010,201010,49.0
952,Escape Accidents,injured and killed,2010,201009,42.0
953,Escape Accidents,injured and killed,2010,201008,48.0
954,Escape Accidents,injured and killed,2010,201007,65.0
955,Escape Accidents,injured and killed,2010,201006,57.0
956,Escape Accidents,injured and killed,2010,201005,31.0
957,Escape Accidents,injured and killed,2010,201004,41.0
958,Escape Accidents,injured and killed,2010,201003,29.0
959,Escape Accidents,injured and killed,2010,201002,21.0
960,Escape Accidents,injured and killed,2010,201001,17.0
962,Escape Accidents,injured and killed,2011,201112,30.0
963,Escape Accidents,injured and killed,2011,201111,33.0
964,Escape Accidents,injured and killed,2011,201110,36.0
965,Escape Accidents,injured and killed,2011,201109,52.0
966,Escape Accidents,injured and killed,2011,201108,35.0
967,Escape Accidents,injured and killed,2011,201107,56.0
968,Escape Accidents,injured and killed,2011,201106,49.0
969,Escape Accidents,injured and killed,2011,201105,68.0
970,Escape Accidents,injured and killed,2011,201104,55.0
971,Escape Accidents,injured and killed,2011,201103,32.0
972,Escape Accidents,injured and killed,2011,201102,26.0
973,Escape Accidents,injured and killed,2011,201101,26.0
975,Escape Accidents,injured and killed,2012,201212,23.0
976,Escape Accidents,injured and killed,2012,201211,49.0
977,Escape Accidents,injured and killed,2012,201210,61.0
978,Escape Accidents,injured and killed,2012,201209,61.0
979,Escape Accidents,injured and killed,2012,201208,64.0
980,Escape Accidents,injured and killed,2012,201207,64.0
981,Escape Accidents,injured and killed,2012,201206,61.0
982,Escape Accidents,injured and killed,2012,201205,64.0
983,Escape Accidents,injured and killed,2012,201204,37.0
984,Escape Accidents,injured and killed,2012,201203,44.0
985,Escape Accidents,injured and killed,2012,201202,20.0
986,Escape Accidents,injured and killed,2012,201201,32.0
988,Escape Accidents,injured and killed,2013,201312,27.0
989,Escape Accidents,injured and killed,2013,201311,53.0
990,Escape Accidents,injured and killed,2013,201310,53.0
991,Escape Accidents,injured and killed,2013,201309,53.0
992,Escape Accidents,injured and killed,2013,201308,36.0
993,Escape Accidents,injured and killed,2013,201307,68.0
994,Escape Accidents,injured and killed,2013,201306,54.0
995,Escape Accidents,injured and killed,2013,201305,43.0
996,Escape Accidents,injured and killed,2013,201304,50.0
997,Escape Accidents,injured and killed,2013,201303,33.0
998,Escape Accidents,injured and killed,2013,201302,22.0
999,Escape Accidents,injured and killed,2013,201301,29.0
1001,Escape Accidents,injured and killed,2014,201412,35.0
1002,Escape Accidents,injured and killed,2014,201411,42.0
1003,Escape Accidents,injured and killed,2014,201410,55.0
1004,Escape Accidents,injured and killed,2014,201409,60.0
1005,Escape Accidents,injured and killed,2014,201408,43.0
1006,Escape Accidents,injured and killed,2014,201407,62.0
1007,Escape Accidents,injured and killed,2014,201406,58.0
1008,Escape Accidents,injured and killed,2014,201405,50.0
1009,Escape Accidents,injured and killed,2014,201404,55.0
1010,Escape Accidents,injured and killed,2014,201403,46.0
1011,Escape Accidents,injured and killed,2014,201402,22.0
1012,Escape Accidents,injured and killed,2014,201401,29.0
1014,Escape Accidents,injured and killed,2015,201512,38.0
1015,Escape Accidents,injured and killed,2015,201511,43.0
1016,Escape Accidents,injured and killed,2015,201510,52.0
1017,Escape Accidents,injured and killed,2015,201509,49.0
1018,Escape Accidents,injured and killed,2015,201508,36.0
1019,Escape Accidents,injured and killed,2015,201507,65.0
1020,Escape Accidents,injured and killed,2015,201506,54.0
1021,Escape Accidents,injured and killed,2015,201505,41.0
1022,Escape Accidents,injured and killed,2015,201504,45.0
1023,Escape Accidents,injured and killed,2015,201503,49.0
1024,Escape Accidents,injured and killed,2015,201502,18.0
1025,Escape Accidents,injured and killed,2015,201501,19.0
1027,Escape Accidents,injured and killed,2016,201612,35.0
1028,Escape Accidents,injured and killed,2016,201611,32.0
1029,Escape Accidents,injured and killed,2016,201610,44.0
1030,Escape Accidents,injured and killed,2016,201609,70.0
1031,Escape Accidents,injured and killed,2016,201608,70.0
1032,Escape Accidents,injured and killed,2016,201607,61.0
1033,Escape Accidents,injured and killed,2016,201606,54.0
1034,Escape Accidents,injured and killed,2016,201605,44.0
1035,Escape Accidents,injured and killed,2016,201604,42.0
1036,Escape Accidents,injured and killed,2016,201603,41.0
1037,Escape Accidents,injured and killed,2016,201602,24.0
1038,Escape Accidents,injured and killed,2016,201601,31.0
1040,Escape Accidents,injured and killed,2017,201712,33.0
1041,Escape Accidents,injured and killed,2017,201711,48.0
1042,Escape Accidents,injured and killed,2017,201710,59.0
1043,Escape Accidents,injured and killed,2017,201709,59.0
1044,Escape Accidents,injured and killed,2017,201708,38.0
1045,Escape Accidents,injured and killed,2017,201707,65.0
1046,Escape Accidents,injured and killed,2017,201706,54.0
1047,Escape Accidents,injured and killed,2017,201705,60.0
1048,Escape Accidents,injured and killed,2017,201704,36.0
1049,Escape Accidents,injured and killed,2017,201703,36.0
1050,Escape Accidents,injured and killed,2017,201702,41.0
1051,Escape Accidents,injured and killed,2017,201701,22.0
1053,Escape Accidents,injured and killed,2018,201812,37.0
1054,Escape Accidents,injured and killed,2018,201811,37.0
1055,Escape Accidents,injured and killed,2018,201810,60.0
1056,Escape Accidents,injured and killed,2018,201809,59.0
1057,Escape Accidents,injured and killed,2018,201808,39.0
1058,Escape Accidents,injured and killed,2018,201807,72.0
1059,Escape Accidents,injured and killed,2018,201806,49.0
1060,Escape Accidents,injured and killed,2018,201805,43.0
1061,Escape Accidents,injured and killed,2018,201804,44.0
1062,Escape Accidents,injured and killed,2018,201803,35.0
1063,Escape Accidents,injured and killed,2018,201802,40.0
1064,Escape Accidents,injured and killed,2018,201801,40.0
1066,Escape Accidents,injured and killed,2019,201912,43.0
1067,Escape Accidents,injured and killed,2019,201911,41.0
1068,Escape Accidents,injured and killed,2019,201910,45.0
1069,Escape Accidents,injured and killed,2019,201909,55.0
1070,Escape Accidents,injured and killed,2019,201908,37.0
1071,Escape Accidents,injured and killed,2019,201907,81.0
1072,Escape Accidents,injured and killed,2019,201906,61.0
1073,Escape Accidents,injured and killed,2019,201905,41.0
1074,Escape Accidents,injured and killed,2019,201904,35.0
1075,Escape Accidents,injured and killed,2019,201903,44.0
1076,Escape Accidents,injured and killed,2019,201902,26.0
1077,Escape Accidents,injured and killed,2019,201901,32.0
1079,Escape Accidents,injured and killed,2020,202012,33.0
1080,Escape Accidents,injured and killed,2020,202011,27.0
1081,Escape Accidents,injured and killed,2020,202010,50.0
1082,Escape Accidents,injured and killed,2020,202009,49.0
1083,Escape Accidents,injured and killed,2020,202008,36.0
1084,Escape Accidents,injured and killed,2020,202007,58.0
1085,Escape Accidents,injured and killed,2020,202006,49.0
1086,Escape Accidents,injured and killed,2020,202005,34.0
1087,Escape Accidents,injured and killed,2020,202004,34.0
1088,Escape Accidents,injured and killed,2020,202003,33.0
1089,Escape Accidents,injured and killed,2020,202002,34.0
1090,Escape Accidents,injured and killed,2020,202001,28.0
1092,Escape Accidents,subtotal,2000,200012,950.0
1093,Escape Accidents,subtotal,2000,200011,1017.0
1094,Escape Accidents,subtotal,2000,200010,1078.0
1095,Escape Accidents,subtotal,2000,200009,978.0
1096,Escape Accidents,subtotal,2000,200008,881.0
1097,Escape Accidents,subtotal,2000,200007,1102.0
1098,Escape Accidents,subtotal,2000,200006,842.0
1099,Escape Accidents,subtotal,2000,200005,1086.0
1100,Escape Accidents,subtotal,2000,200004,834.0
1101,Escape Accidents,subtotal,2000,200003,974.0
1102,Escape Accidents,subtotal,2000,200002,890.0
1103,Escape Accidents,subtotal,2000,200001,835.0
1105,Escape Accidents,subtotal,2001,200112,941.0
1106,Escape Accidents,subtotal,2001,200111,1001.0
1107,Escape Accidents,subtotal,2001,200110,1104.0
1108,Escape Accidents,subtotal,2001,200109,953.0
1109,Escape Accidents,subtotal,2001,200108,814.0
1110,Escape Accidents,subtotal,2001,200107,1047.0
1111,Escape Accidents,subtotal,2001,200106,905.0
1112,Escape Accidents,subtotal,2001,200105,1081.0
1113,Escape Accidents,subtotal,2001,200104,897.0
1114,Escape Accidents,subtotal,2001,200103,962.0
1115,Escape Accidents,subtotal,2001,200102,820.0
1116,Escape Accidents,subtotal,2001,200101,871.0
1118,Escape Accidents,subtotal,2002,200212,706.0
1119,Escape Accidents,subtotal,2002,200211,882.0
1120,Escape Accidents,subtotal,2002,200210,1019.0
1121,Escape Accidents,subtotal,2002,200209,1039.0
1122,Escape Accidents,subtotal,2002,200208,785.0
1123,Escape Accidents,subtotal,2002,200207,1026.0
1124,Escape Accidents,subtotal,2002,200206,987.0
1125,Escape Accidents,subtotal,2002,200205,857.0
1126,Escape Accidents,subtotal,2002,200204,784.0
1127,Escape Accidents,subtotal,2002,200203,897.0
1128,Escape Accidents,subtotal,2002,200202,817.0
1129,Escape Accidents,subtotal,2002,200201,852.0
1131,Escape Accidents,subtotal,2003,200312,858.0
1132,Escape Accidents,subtotal,2003,200311,953.0
1133,Escape Accidents,subtotal,2003,200310,960.0
1134,Escape Accidents,subtotal,2003,200309,945.0
1135,Escape Accidents,subtotal,2003,200308,698.0
1136,Escape Accidents,subtotal,2003,200307,562.0
1137,Escape Accidents,subtotal,2003,200306,855.0
1138,Escape Accidents,subtotal,2003,200305,763.0
1139,Escape Accidents,subtotal,2003,200304,844.0
1140,Escape Accidents,subtotal,2003,200303,854.0
1141,Escape Accidents,subtotal,2003,200302,572.0
1142,Escape Accidents,subtotal,2003,200301,747.0
1144,Escape Accidents,subtotal,2004,200412,942.0
1145,Escape Accidents,subtotal,2004,200411,903.0
1146,Escape Accidents,subtotal,2004,200410,1022.0
1147,Escape Accidents,subtotal,2004,200409,957.0
1148,Escape Accidents,subtotal,2004,200408,784.0
1149,Escape Accidents,subtotal,2004,200407,970.0
1150,Escape Accidents,subtotal,2004,200406,859.0
1151,Escape Accidents,subtotal,2004,200405,867.0
1152,Escape Accidents,subtotal,2004,200404,875.0
1153,Escape Accidents,subtotal,2004,200403,817.0
1154,Escape Accidents,subtotal,2004,200402,723.0
1155,Escape Accidents,subtotal,2004,200401,828.0
1157,Escape Accidents,subtotal,2005,200512,817.0
1158,Escape Accidents,subtotal,2005,200511,845.0
1159,Escape Accidents,subtotal,2005,200510,962.0
1160,Escape Accidents,subtotal,2005,200509,1086.0
1161,Escape Accidents,subtotal,2005,200508,811.0
1162,Escape Accidents,subtotal,2005,200507,951.0
1163,Escape Accidents,subtotal,2005,200506,901.0
1164,Escape Accidents,subtotal,2005,200505,902.0
1165,Escape Accidents,subtotal,2005,200504,937.0
1166,Escape Accidents,subtotal,2005,200503,1115.0
1167,Escape Accidents,subtotal,2005,200502,961.0
1168,Escape Accidents,subtotal,2005,200501,749.0
1170,Escape Accidents,subtotal,2006,200612,864.0
1171,Escape Accidents,subtotal,2006,200611,494.0
1172,Escape Accidents,subtotal,2006,200610,599.0
1173,Escape Accidents,subtotal,2006,200609,718.0
1174,Escape Accidents,subtotal,2006,200608,774.0
1175,Escape Accidents,subtotal,2006,200607,845.0
1176,Escape Accidents,subtotal,2006,200606,565.0
1177,Escape Accidents,subtotal,2006,200605,476.0
1178,Escape Accidents,subtotal,2006,200604,750.0
1179,Escape Accidents,subtotal,2006,200603,1138.0
1180,Escape Accidents,subtotal,2006,200602,698.0
1181,Escape Accidents,subtotal,2006,200601,708.0
1183,Escape Accidents,subtotal,2007,200712,690.0
1184,Escape Accidents,subtotal,2007,200711,868.0
1185,Escape Accidents,subtotal,2007,200710,873.0
1186,Escape Accidents,subtotal,2007,200709,797.0
1187,Escape Accidents,subtotal,2007,200708,759.0
1188,Escape Accidents,subtotal,2007,200707,935.0
1189,Escape Accidents,subtotal,2007,200706,804.0
1190,Escape Accidents,subtotal,2007,200705,858.0
1191,Escape Accidents,subtotal,2007,200704,821.0
1192,Escape Accidents,subtotal,2007,200703,411.0
1193,Escape Accidents,subtotal,2007,200702,612.0
1194,Escape Accidents,subtotal,2007,200701,699.0
1196,Escape Accidents,subtotal,2008,200812,657.0
1197,Escape Accidents,subtotal,2008,200811,625.0
1198,Escape Accidents,subtotal,2008,200810,874.0
1199,Escape Accidents,subtotal,2008,200809,747.0
1200,Escape Accidents,subtotal,2008,200808,760.0
1201,Escape Accidents,subtotal,2008,200807,832.0
1202,Escape Accidents,subtotal,2008,200806,859.0
1203,Escape Accidents,subtotal,2008,200805,871.0
1204,Escape Accidents,subtotal,2008,200804,837.0
1205,Escape Accidents,subtotal,2008,200803,763.0
1206,Escape Accidents,subtotal,2008,200802,793.0
1207,Escape Accidents,subtotal,2008,200801,727.0
1209,Escape Accidents,subtotal,2009,200912,747.0
1210,Escape Accidents,subtotal,2009,200911,835.0
1211,Escape Accidents,subtotal,2009,200910,953.0
1212,Escape Accidents,subtotal,2009,200909,846.0
1213,Escape Accidents,subtotal,2009,200908,752.0
1214,Escape Accidents,subtotal,2009,200907,991.0
1215,Escape Accidents,subtotal,2009,200906,678.0
1216,Escape Accidents,subtotal,2009,200905,768.0
1217,Escape Accidents,subtotal,2009,200904,776.0
1218,Escape Accidents,subtotal,2009,200903,607.0
1219,Escape Accidents,subtotal,2009,200902,802.0
1220,Escape Accidents,subtotal,2009,200901,512.0
1222,Escape Accidents,subtotal,2010,201012,861.0
1223,Escape Accidents,subtotal,2010,201011,827.0
1224,Escape Accidents,subtotal,2010,201010,910.0
1225,Escape Accidents,subtotal,2010,201009,955.0
1226,Escape Accidents,subtotal,2010,201008,794.0
1227,Escape Accidents,subtotal,2010,201007,932.0
1228,Escape Accidents,subtotal,2010,201006,814.0
1229,Escape Accidents,subtotal,2010,201005,743.0
1230,Escape Accidents,subtotal,2010,201004,938.0
1231,Escape Accidents,subtotal,2010,201003,829.0
1232,Escape Accidents,subtotal,2010,201002,683.0
1233,Escape Accidents,subtotal,2010,201001,613.0
1235,Escape Accidents,subtotal,2011,201112,832.0
1236,Escape Accidents,subtotal,2011,201111,842.0
1237,Escape Accidents,subtotal,2011,201110,916.0
1238,Escape Accidents,subtotal,2011,201109,906.0
1239,Escape Accidents,subtotal,2011,201108,790.0
1240,Escape Accidents,subtotal,2011,201107,951.0
1241,Escape Accidents,subtotal,2011,201106,783.0
1242,Escape Accidents,subtotal,2011,201105,1034.0
1243,Escape Accidents,subtotal,2011,201104,835.0
1244,Escape Accidents,subtotal,2011,201103,883.0
1245,Escape Accidents,subtotal,2011,201102,760.0
1246,Escape Accidents,subtotal,2011,201101,726.0
1248,Escape Accidents,subtotal,2012,201212,810.0
1249,Escape Accidents,subtotal,2012,201211,984.0
1250,Escape Accidents,subtotal,2012,201210,1090.0
1251,Escape Accidents,subtotal,2012,201209,921.0
1252,Escape Accidents,subtotal,2012,201208,887.0
1253,Escape Accidents,subtotal,2012,201207,1045.0
1254,Escape Accidents,subtotal,2012,201206,1041.0
1255,Escape Accidents,subtotal,2012,201205,1035.0
1256,Escape Accidents,subtotal,2012,201204,919.0
1257,Escape Accidents,subtotal,2012,201203,946.0
1258,Escape Accidents,subtotal,2012,201202,714.0
1259,Escape Accidents,subtotal,2012,201201,713.0
1261,Escape Accidents,subtotal,2013,201312,828.0
1262,Escape Accidents,subtotal,2013,201311,939.0
1263,Escape Accidents,subtotal,2013,201310,1074.0
1264,Escape Accidents,subtotal,2013,201309,1000.0
1265,Escape Accidents,subtotal,2013,201308,791.0
1266,Escape Accidents,subtotal,2013,201307,1138.0
1267,Escape Accidents,subtotal,2013,201306,1055.0
1268,Escape Accidents,subtotal,2013,201305,848.0
1269,Escape Accidents,subtotal,2013,201304,1038.0
1270,Escape Accidents,subtotal,2013,201303,906.0
1271,Escape Accidents,subtotal,2013,201302,773.0
1272,Escape Accidents,subtotal,2013,201301,796.0
1274,Escape Accidents,subtotal,2014,201412,830.0
1275,Escape Accidents,subtotal,2014,201411,943.0
1276,Escape Accidents,subtotal,2014,201410,1042.0
1277,Escape Accidents,subtotal,2014,201409,936.0
1278,Escape Accidents,subtotal,2014,201408,802.0
1279,Escape Accidents,subtotal,2014,201407,1029.0
1280,Escape Accidents,subtotal,2014,201406,880.0
1281,Escape Accidents,subtotal,2014,201405,925.0
1282,Escape Accidents,subtotal,2014,201404,946.0
1283,Escape Accidents,subtotal,2014,201403,993.0
1284,Escape Accidents,subtotal,2014,201402,742.0
1285,Escape Accidents,subtotal,2014,201401,778.0
1287,Escape Accidents,subtotal,2015,201512,950.0
1288,Escape Accidents,subtotal,2015,201511,991.0
1289,Escape Accidents,subtotal,2015,201510,1110.0
1290,Escape Accidents,subtotal,2015,201509,1007.0
1291,Escape Accidents,subtotal,2015,201508,864.0
1292,Escape Accidents,subtotal,2015,201507,1176.0
1293,Escape Accidents,subtotal,2015,201506,952.0
1294,Escape Accidents,subtotal,2015,201505,940.0
1295,Escape Accidents,subtotal,2015,201504,966.0
1296,Escape Accidents,subtotal,2015,201503,908.0
1297,Escape Accidents,subtotal,2015,201502,713.0
1298,Escape Accidents,subtotal,2015,201501,781.0
1300,Escape Accidents,subtotal,2016,201612,870.0
1301,Escape Accidents,subtotal,2016,201611,960.0
1302,Escape Accidents,subtotal,2016,201610,1022.0
1303,Escape Accidents,subtotal,2016,201609,958.0
1304,Escape Accidents,subtotal,2016,201608,958.0
1305,Escape Accidents,subtotal,2016,201607,1095.0
1306,Escape Accidents,subtotal,2016,201606,1018.0
1307,Escape Accidents,subtotal,2016,201605,850.0
1308,Escape Accidents,subtotal,2016,201604,998.0
1309,Escape Accidents,subtotal,2016,201603,898.0
1310,Escape Accidents,subtotal,2016,201602,775.0
1311,Escape Accidents,subtotal,2016,201601,777.0
1313,Escape Accidents,subtotal,2017,201712,873.0
1314,Escape Accidents,subtotal,2017,201711,925.0
1315,Escape Accidents,subtotal,2017,201710,1052.0
1316,Escape Accidents,subtotal,2017,201709,1009.0
1317,Escape Accidents,subtotal,2017,201708,831.0
1318,Escape Accidents,subtotal,2017,201707,1064.0
1319,Escape Accidents,subtotal,2017,201706,948.0
1320,Escape Accidents,subtotal,2017,201705,1070.0
1321,Escape Accidents,subtotal,2017,201704,895.0
1322,Escape Accidents,subtotal,2017,201703,1060.0
1323,Escape Accidents,subtotal,2017,201702,846.0
1324,Escape Accidents,subtotal,2017,201701,690.0
1326,Escape Accidents,subtotal,2018,201812,900.0
1327,Escape Accidents,subtotal,2018,201811,929.0
1328,Escape Accidents,subtotal,2018,201810,1127.0
1329,Escape Accidents,subtotal,2018,201809,1102.0
1330,Escape Accidents,subtotal,2018,201808,813.0
1331,Escape Accidents,subtotal,2018,201807,1151.0
1332,Escape Accidents,subtotal,2018,201806,1034.0
1333,Escape Accidents,subtotal,2018,201805,994.0
1334,Escape Accidents,subtotal,2018,201804,1010.0
1335,Escape Accidents,subtotal,2018,201803,954.0
1336,Escape Accidents,subtotal,2018,201802,774.0
1337,Escape Accidents,subtotal,2018,201801,860.0
1339,Escape Accidents,subtotal,2019,201912,925.0
1340,Escape Accidents,subtotal,2019,201911,967.0
1341,Escape Accidents,subtotal,2019,201910,1088.0
1342,Escape Accidents,subtotal,2019,201909,996.0
1343,Escape Accidents,subtotal,2019,201908,820.0
1344,Escape Accidents,subtotal,2019,201907,1187.0
1345,Escape Accidents,subtotal,2019,201906,994.0
1346,Escape Accidents,subtotal,2019,201905,1014.0
1347,Escape Accidents,subtotal,2019,201904,967.0
1348,Escape Accidents,subtotal,2019,201903,1005.0
1349,Escape Accidents,subtotal,2019,201902,883.0
1350,Escape Accidents,subtotal,2019,201901,927.0
1352,Escape Accidents,subtotal,2020,202012,694.0
1353,Escape Accidents,subtotal,2020,202011,864.0
1354,Escape Accidents,subtotal,2020,202010,997.0
1355,Escape Accidents,subtotal,2020,202009,948.0
1356,Escape Accidents,subtotal,2020,202008,735.0
1357,Escape Accidents,subtotal,2020,202007,1010.0
1358,Escape Accidents,subtotal,2020,202006,905.0
1359,Escape Accidents,subtotal,2020,202005,859.0
1360,Escape Accidents,subtotal,2020,202004,607.0
1361,Escape Accidents,subtotal,2020,202003,744.0
1362,Escape Accidents,subtotal,2020,202002,870.0
1363,Escape Accidents,subtotal,2020,202001,791.0
1365,Alcohol Accidents,injured and killed,2000,200012,31.0
1366,Alcohol Accidents,injured and killed,2000,200011,24.0
1367,Alcohol Accidents,injured and killed,2000,200010,31.0
1368,Alcohol Accidents,injured and killed,2000,200009,45.0
1369,Alcohol Accidents,injured and killed,2000,200008,32.0
1370,Alcohol Accidents,injured and killed,2000,200007,37.0
1371,Alcohol Accidents,injured and killed,2000,200006,32.0
1372,Alcohol Accidents,injured and killed,2000,200005,44.0
1373,Alcohol Accidents,injured and killed,2000,200004,26.0
1374,Alcohol Accidents,injured and killed,2000,200003,18.0
1375,Alcohol Accidents,injured and killed,2000,200002,19.0
1376,Alcohol Accidents,injured and killed,2000,200001,37.0
1378,Alcohol Accidents,injured and killed,2001,200112,23.0
1379,Alcohol Accidents,injured and killed,2001,200111,25.0
1380,Alcohol Accidents,injured and killed,2001,200110,37.0
1381,Alcohol Accidents,injured and killed,2001,200109,48.0
1382,Alcohol Accidents,injured and killed,2001,200108,21.0
1383,Alcohol Accidents,injured and killed,2001,200107,35.0
1384,Alcohol Accidents,injured and killed,2001,200106,46.0
1385,Alcohol Accidents,injured and killed,2001,200105,32.0
1386,Alcohol Accidents,injured and killed,2001,200104,32.0
1387,Alcohol Accidents,injured and killed,2001,200103,36.0
1388,Alcohol Accidents,injured and killed,2001,200102,20.0
1389,Alcohol Accidents,injured and killed,2001,200101,36.0
1391,Alcohol Accidents,injured and killed,2002,200212,27.0
1392,Alcohol Accidents,injured and killed,2002,200211,10.0
1393,Alcohol Accidents,injured and killed,2002,200210,53.0
1394,Alcohol Accidents,injured and killed,2002,200209,51.0
1395,Alcohol Accidents,injured and killed,2002,200208,29.0
1396,Alcohol Accidents,injured and killed,2002,200207,40.0
1397,Alcohol Accidents,injured and killed,2002,200206,42.0
1398,Alcohol Accidents,injured and killed,2002,200205,32.0
1399,Alcohol Accidents,injured and killed,2002,200204,28.0
1400,Alcohol Accidents,injured and killed,2002,200203,21.0
1401,Alcohol Accidents,injured and killed,2002,200202,22.0
1402,Alcohol Accidents,injured and killed,2002,200201,24.0
1404,Alcohol Accidents,injured and killed,2003,200312,27.0
1405,Alcohol Accidents,injured and killed,2003,200311,31.0
1406,Alcohol Accidents,injured and killed,2003,200310,17.0
1407,Alcohol Accidents,injured and killed,2003,200309,26.0
1408,Alcohol Accidents,injured and killed,2003,200308,40.0
1409,Alcohol Accidents,injured and killed,2003,200307,35.0
1410,Alcohol Accidents,injured and killed,2003,200306,41.0
1411,Alcohol Accidents,injured and killed,2003,200305,26.0
1412,Alcohol Accidents,injured and killed,2003,200304,25.0
1413,Alcohol Accidents,injured and killed,2003,200303,17.0
1414,Alcohol Accidents,injured and killed,2003,200302,16.0
1415,Alcohol Accidents,injured and killed,2003,200301,18.0
1417,Alcohol Accidents,injured and killed,2004,200412,12.0
1418,Alcohol Accidents,injured and killed,2004,200411,20.0
1419,Alcohol Accidents,injured and killed,2004,200410,26.0
1420,Alcohol Accidents,injured and killed,2004,200409,41.0
1421,Alcohol Accidents,injured and killed,2004,200408,47.0
1422,Alcohol Accidents,injured and killed,2004,200407,44.0
1423,Alcohol Accidents,injured and killed,2004,200406,25.0
1424,Alcohol Accidents,injured and killed,2004,200405,30.0
1425,Alcohol Accidents,injured and killed,2004,200404,10.0
1426,Alcohol Accidents,injured and killed,2004,200403,18.0
1427,Alcohol Accidents,injured and killed,2004,200402,21.0
1428,Alcohol Accidents,injured and killed,2004,200401,10.0
1430,Alcohol Accidents,injured and killed,2005,200512,12.0
1431,Alcohol Accidents,injured and killed,2005,200511,14.0
1432,Alcohol Accidents,injured and killed,2005,200510,35.0
1433,Alcohol Accidents,injured and killed,2005,200509,50.0
1434,Alcohol Accidents,injured and killed,2005,200508,33.0
1435,Alcohol Accidents,injured and killed,2005,200507,26.0
1436,Alcohol Accidents,injured and killed,2005,200506,31.0
1437,Alcohol Accidents,injured and killed,2005,200505,21.0
1438,Alcohol Accidents,injured and killed,2005,200504,19.0
1439,Alcohol Accidents,injured and killed,2005,200503,13.0
1440,Alcohol Accidents,injured and killed,2005,200502,14.0
1441,Alcohol Accidents,injured and killed,2005,200501,13.0
1443,Alcohol Accidents,injured and killed,2006,200612,21.0
1444,Alcohol Accidents,injured and killed,2006,200611,22.0
1445,Alcohol Accidents,injured and killed,2006,200610,24.0
1446,Alcohol Accidents,injured and killed,2006,200609,35.0
1447,Alcohol Accidents,injured and killed,2006,200608,25.0
1448,Alcohol Accidents,injured and killed,2006,200607,37.0
1449,Alcohol Accidents,injured and killed,2006,200606,22.0
1450,Alcohol Accidents,injured and killed,2006,200605,28.0
1451,Alcohol Accidents,injured and killed,2006,200604,16.0
1452,Alcohol Accidents,injured and killed,2006,200603,14.0
1453,Alcohol Accidents,injured and killed,2006,200602,21.0
1454,Alcohol Accidents,injured and killed,2006,200601,21.0
1456,Alcohol Accidents,injured and killed,2007,200712,20.0
1457,Alcohol Accidents,injured and killed,2007,200711,26.0
1458,Alcohol Accidents,injured and killed,2007,200710,18.0
1459,Alcohol Accidents,injured and killed,2007,200709,24.0
1460,Alcohol Accidents,injured and killed,2007,200708,20.0
1461,Alcohol Accidents,injured and killed,2007,200707,38.0
1462,Alcohol Accidents,injured and killed,2007,200706,27.0
1463,Alcohol Accidents,injured and killed,2007,200705,39.0
1464,Alcohol Accidents,injured and killed,2007,200704,27.0
1465,Alcohol Accidents,injured and killed,2007,200703,14.0
1466,Alcohol Accidents,injured and killed,2007,200702,15.0
1467,Alcohol Accidents,injured and killed,2007,200701,13.0
1469,Alcohol Accidents,injured and killed,2008,200812,20.0
1470,Alcohol Accidents,injured and killed,2008,200811,14.0
1471,Alcohol Accidents,injured and killed,2008,200810,19.0
1472,Alcohol Accidents,injured and killed,2008,200809,28.0
1473,Alcohol Accidents,injured and killed,2008,200808,23.0
1474,Alcohol Accidents,injured and killed,2008,200807,24.0
1475,Alcohol Accidents,injured and killed,2008,200806,32.0
1476,Alcohol Accidents,injured and killed,2008,200805,37.0
1477,Alcohol Accidents,injured and killed,2008,200804,10.0
1478,Alcohol Accidents,injured and killed,2008,200803,9.0
1479,Alcohol Accidents,injured and killed,2008,200802,16.0
1480,Alcohol Accidents,injured and killed,2008,200801,8.0
1482,Alcohol Accidents,injured and killed,2009,200912,14.0
1483,Alcohol Accidents,injured and killed,2009,200911,5.0
1484,Alcohol Accidents,injured and killed,2009,200910,15.0
1485,Alcohol Accidents,injured and killed,2009,200909,18.0
1486,Alcohol Accidents,injured and killed,2009,200908,26.0
1487,Alcohol Accidents,injured and killed,2009,200907,27.0
1488,Alcohol Accidents,injured and killed,2009,200906,19.0
1489,Alcohol Accidents,injured and killed,2009,200905,34.0
1490,Alcohol Accidents,injured and killed,2009,200904,31.0
1491,Alcohol Accidents,injured and killed,2009,200903,5.0
1492,Alcohol Accidents,injured and killed,2009,200902,12.0
1493,Alcohol Accidents,injured and killed,2009,200901,7.0
1495,Alcohol Accidents,injured and killed,2010,201012,12.0
1496,Alcohol Accidents,injured and killed,2010,201011,7.0
1497,Alcohol Accidents,injured and killed,2010,201010,13.0
1498,Alcohol Accidents,injured and killed,2010,201009,26.0
1499,Alcohol Accidents,injured and killed,2010,201008,25.0
1500,Alcohol Accidents,injured and killed,2010,201007,29.0
1501,Alcohol Accidents,injured and killed,2010,201006,20.0
1502,Alcohol Accidents,injured and killed,2010,201005,15.0
1503,Alcohol Accidents,injured and killed,2010,201004,25.0
1504,Alcohol Accidents,injured and killed,2010,201003,12.0
1505,Alcohol Accidents,injured and killed,2010,201002,10.0
1506,Alcohol Accidents,injured and killed,2010,201001,7.0
1508,Alcohol Accidents,injured and killed,2011,201112,6.0
1509,Alcohol Accidents,injured and killed,2011,201111,16.0
1510,Alcohol Accidents,injured and killed,2011,201110,10.0
1511,Alcohol Accidents,injured and killed,2011,201109,22.0
1512,Alcohol Accidents,injured and killed,2011,201108,17.0
1513,Alcohol Accidents,injured and killed,2011,201107,27.0
1514,Alcohol Accidents,injured and killed,2011,201106,21.0
1515,Alcohol Accidents,injured and killed,2011,201105,20.0
1516,Alcohol Accidents,injured and killed,2011,201104,27.0
1517,Alcohol Accidents,injured and killed,2011,201103,9.0
1518,Alcohol Accidents,injured and killed,2011,201102,7.0
1519,Alcohol Accidents,injured and killed,2011,201101,16.0
1521,Alcohol Accidents,injured and killed,2012,201212,11.0
1522,Alcohol Accidents,injured and killed,2012,201211,10.0
1523,Alcohol Accidents,injured and killed,2012,201210,6.0
1524,Alcohol Accidents,injured and killed,2012,201209,24.0
1525,Alcohol Accidents,injured and killed,2012,201208,31.0
1526,Alcohol Accidents,injured and killed,2012,201207,30.0
1527,Alcohol Accidents,injured and killed,2012,201206,35.0
1528,Alcohol Accidents,injured and killed,2012,201205,33.0
1529,Alcohol Accidents,injured and killed,2012,201204,22.0
1530,Alcohol Accidents,injured and killed,2012,201203,5.0
1531,Alcohol Accidents,injured and killed,2012,201202,5.0
1532,Alcohol Accidents,injured and killed,2012,201201,11.0
1534,Alcohol Accidents,injured and killed,2013,201312,10.0
1535,Alcohol Accidents,injured and killed,2013,201311,12.0
1536,Alcohol Accidents,injured and killed,2013,201310,12.0
1537,Alcohol Accidents,injured and killed,2013,201309,17.0
1538,Alcohol Accidents,injured and killed,2013,201308,22.0
1539,Alcohol Accidents,injured and killed,2013,201307,24.0
1540,Alcohol Accidents,injured and killed,2013,201306,20.0
1541,Alcohol Accidents,injured and killed,2013,201305,21.0
1542,Alcohol Accidents,injured and killed,2013,201304,5.0
1543,Alcohol Accidents,injured and killed,2013,201303,8.0
1544,Alcohol Accidents,injured and killed,2013,201302,0.0
1545,Alcohol Accidents,injured and killed,2013,201301,2.0
1547,Alcohol Accidents,injured and killed,2014,201412,3.0
1548,Alcohol Accidents,injured and killed,2014,201411,14.0
1549,Alcohol Accidents,injured and killed,2014,201410,21.0
1550,Alcohol Accidents,injured and killed,2014,201409,18.0
1551,Alcohol Accidents,injured and killed,2014,201408,13.0
1552,Alcohol Accidents,injured and killed,2014,201407,21.0
1553,Alcohol Accidents,injured and killed,2014,201406,16.0
1554,Alcohol Accidents,injured and killed,2014,201405,19.0
1555,Alcohol Accidents,injured and killed,2014,201404,15.0
1556,Alcohol Accidents,injured and killed,2014,201403,16.0
1557,Alcohol Accidents,injured and killed,2014,201402,7.0
1558,Alcohol Accidents,injured and killed,2014,201401,4.0
1560,Alcohol Accidents,injured and killed,2015,201512,6.0
1561,Alcohol Accidents,injured and killed,2015,201511,11.0
1562,Alcohol Accidents,injured and killed,2015,201510,12.0
1563,Alcohol Accidents,injured and killed,2015,201509,25.0
1564,Alcohol Accidents,injured and killed,2015,201508,29.0
1565,Alcohol Accidents,injured and killed,2015,201507,37.0
1566,Alcohol Accidents,injured and killed,2015,201506,19.0
1567,Alcohol Accidents,injured and killed,2015,201505,30.0
1568,Alcohol Accidents,injured and killed,2015,201504,23.0
1569,Alcohol Accidents,injured and killed,2015,201503,9.0
1570,Alcohol Accidents,injured and killed,2015,201502,3.0
1571,Alcohol Accidents,injured and killed,2015,201501,21.0
1573,Alcohol Accidents,injured and killed,2016,201612,10.0
1574,Alcohol Accidents,injured and killed,2016,201611,7.0
1575,Alcohol Accidents,injured and killed,2016,201610,11.0
1576,Alcohol Accidents,injured and killed,2016,201609,22.0
1577,Alcohol Accidents,injured and killed,2016,201608,12.0
1578,Alcohol Accidents,injured and killed,2016,201607,23.0
1579,Alcohol Accidents,injured and killed,2016,201606,19.0
1580,Alcohol Accidents,injured and killed,2016,201605,17.0
1581,Alcohol Accidents,injured and killed,2016,201604,8.0
1582,Alcohol Accidents,injured and killed,2016,201603,6.0
1583,Alcohol Accidents,injured and killed,2016,201602,3.0
1584,Alcohol Accidents,injured and killed,2016,201601,6.0
1586,Alcohol Accidents,injured and killed,2017,201712,17.0
1587,Alcohol Accidents,injured and killed,2017,201711,13.0
1588,Alcohol Accidents,injured and killed,2017,201710,16.0
1589,Alcohol Accidents,injured and killed,2017,201709,22.0
1590,Alcohol Accidents,injured and killed,2017,201708,14.0
1591,Alcohol Accidents,injured and killed,2017,201707,18.0
1592,Alcohol Accidents,injured and killed,2017,201706,27.0
1593,Alcohol Accidents,injured and killed,2017,201705,16.0
1594,Alcohol Accidents,injured and killed,2017,201704,10.0
1595,Alcohol Accidents,injured and killed,2017,201703,15.0
1596,Alcohol Accidents,injured and killed,2017,201702,4.0
1597,Alcohol Accidents,injured and killed,2017,201701,4.0
1599,Alcohol Accidents,injured and killed,2018,201812,6.0
1600,Alcohol Accidents,injured and killed,2018,201811,13.0
1601,Alcohol Accidents,injured and killed,2018,201810,16.0
1602,Alcohol Accidents,injured and killed,2018,201809,22.0
1603,Alcohol Accidents,injured and killed,2018,201808,18.0
1604,Alcohol Accidents,injured and killed,2018,201807,29.0
1605,Alcohol Accidents,injured and killed,2018,201806,14.0
1606,Alcohol Accidents,injured and killed,2018,201805,23.0
1607,Alcohol Accidents,injured and killed,2018,201804,8.0
1608,Alcohol Accidents,injured and killed,2018,201803,12.0
1609,Alcohol Accidents,injured and killed,2018,201802,13.0
1610,Alcohol Accidents,injured and killed,2018,201801,8.0
1612,Alcohol Accidents,injured and killed,2019,201912,12.0
1613,Alcohol Accidents,injured and killed,2019,201911,19.0
1614,Alcohol Accidents,injured and killed,2019,201910,20.0
1615,Alcohol Accidents,injured and killed,2019,201909,20.0
1616,Alcohol Accidents,injured and killed,2019,201908,23.0
1617,Alcohol Accidents,injured and killed,2019,201907,34.0
1618,Alcohol Accidents,injured and killed,2019,201906,24.0
1619,Alcohol Accidents,injured and killed,2019,201905,21.0
1620,Alcohol Accidents,injured and killed,2019,201904,18.0
1621,Alcohol Accidents,injured and killed,2019,201903,22.0
1622,Alcohol Accidents,injured and killed,2019,201902,7.0
1623,Alcohol Accidents,injured and killed,2019,201901,7.0
1625,Alcohol Accidents,injured and killed,2020,202012,9.0
1626,Alcohol Accidents,injured and killed,2020,202011,11.0
1627,Alcohol Accidents,injured and killed,2020,202010,20.0
1628,Alcohol Accidents,injured and killed,2020,202009,24.0
1629,Alcohol Accidents,injured and killed,2020,202008,29.0
1630,Alcohol Accidents,injured and killed,2020,202007,43.0
1631,Alcohol Accidents,injured and killed,2020,202006,30.0
1632,Alcohol Accidents,injured and killed,2020,202005,26.0
1633,Alcohol Accidents,injured and killed,2020,202004,15.0
1634,Alcohol Accidents,injured and killed,2020,202003,13.0
1635,Alcohol Accidents,injured and killed,2020,202002,19.0
1636,Alcohol Accidents,injured and killed,2020,202001,11.0
1638,Alcohol Accidents,subtotal,2000,200012,85.0
1639,Alcohol Accidents,subtotal,2000,200011,71.0
1640,Alcohol Accidents,subtotal,2000,200010,83.0
1641,Alcohol Accidents,subtotal,2000,200009,84.0
1642,Alcohol Accidents,subtotal,2000,200008,77.0
1643,Alcohol Accidents,subtotal,2000,200007,99.0
1644,Alcohol Accidents,subtotal,2000,200006,57.0
1645,Alcohol Accidents,subtotal,2000,200005,96.0
1646,Alcohol Accidents,subtotal,2000,200004,78.0
1647,Alcohol Accidents,subtotal,2000,200003,73.0
1648,Alcohol Accidents,subtotal,2000,200002,53.0
1649,Alcohol Accidents,subtotal,2000,200001,78.0
1651,Alcohol Accidents,subtotal,2001,200112,66.0
1652,Alcohol Accidents,subtotal,2001,200111,68.0
1653,Alcohol Accidents,subtotal,2001,200110,77.0
1654,Alcohol Accidents,subtotal,2001,200109,107.0
1655,Alcohol Accidents,subtotal,2001,200108,60.0
1656,Alcohol Accidents,subtotal,2001,200107,71.0
1657,Alcohol Accidents,subtotal,2001,200106,68.0
1658,Alcohol Accidents,subtotal,2001,200105,85.0
1659,Alcohol Accidents,subtotal,2001,200104,68.0
1660,Alcohol Accidents,subtotal,2001,200103,63.0
1661,Alcohol Accidents,subtotal,2001,200102,49.0
1662,Alcohol Accidents,subtotal,2001,200101,66.0
1664,Alcohol Accidents,subtotal,2002,200212,63.0
1665,Alcohol Accidents,subtotal,2002,200211,44.0
1666,Alcohol Accidents,subtotal,2002,200210,83.0
1667,Alcohol Accidents,subtotal,2002,200209,107.0
1668,Alcohol Accidents,subtotal,2002,200208,71.0
1669,Alcohol Accidents,subtotal,2002,200207,84.0
1670,Alcohol Accidents,subtotal,2002,200206,74.0
1671,Alcohol Accidents,subtotal,2002,200205,58.0
1672,Alcohol Accidents,subtotal,2002,200204,65.0
1673,Alcohol Accidents,subtotal,2002,200203,61.0
1674,Alcohol Accidents,subtotal,2002,200202,49.0
1675,Alcohol Accidents,subtotal,2002,200201,44.0
1677,Alcohol Accidents,subtotal,2003,200312,58.0
1678,Alcohol Accidents,subtotal,2003,200311,44.0
1679,Alcohol Accidents,subtotal,2003,200310,74.0
1680,Alcohol Accidents,subtotal,2003,200309,63.0
1681,Alcohol Accidents,subtotal,2003,200308,66.0
1682,Alcohol Accidents,subtotal,2003,200307,76.0
1683,Alcohol Accidents,subtotal,2003,200306,82.0
1684,Alcohol Accidents,subtotal,2003,200305,65.0
1685,Alcohol Accidents,subtotal,2003,200304,50.0
1686,Alcohol Accidents,subtotal,2003,200303,53.0
1687,Alcohol Accidents,subtotal,2003,200302,44.0
1688,Alcohol Accidents,subtotal,2003,200301,55.0
1690,Alcohol Accidents,subtotal,2004,200412,52.0
1691,Alcohol Accidents,subtotal,2004,200411,51.0
1692,Alcohol Accidents,subtotal,2004,200410,68.0
1693,Alcohol Accidents,subtotal,2004,200409,79.0
1694,Alcohol Accidents,subtotal,2004,200408,58.0
1695,Alcohol Accidents,subtotal,2004,200407,67.0
1696,Alcohol Accidents,subtotal,2004,200406,58.0
1697,Alcohol Accidents,subtotal,2004,200405,55.0
1698,Alcohol Accidents,subtotal,2004,200404,37.0
1699,Alcohol Accidents,subtotal,2004,200403,44.0
1700,Alcohol Accidents,subtotal,2004,200402,48.0
1701,Alcohol Accidents,subtotal,2004,200401,42.0
1703,Alcohol Accidents,subtotal,2005,200512,41.0
1704,Alcohol Accidents,subtotal,2005,200511,42.0
1705,Alcohol Accidents,subtotal,2005,200510,57.0
1706,Alcohol Accidents,subtotal,2005,200509,76.0
1707,Alcohol Accidents,subtotal,2005,200508,48.0
1708,Alcohol Accidents,subtotal,2005,200507,63.0
1709,Alcohol Accidents,subtotal,2005,200506,57.0
1710,Alcohol Accidents,subtotal,2005,200505,48.0
1711,Alcohol Accidents,subtotal,2005,200504,40.0
1712,Alcohol Accidents,subtotal,2005,200503,40.0
1713,Alcohol Accidents,subtotal,2005,200502,40.0
1714,Alcohol Accidents,subtotal,2005,200501,48.0
1716,Alcohol Accidents,subtotal,2006,200612,52.0
1717,Alcohol Accidents,subtotal,2006,200611,48.0
1718,Alcohol Accidents,subtotal,2006,200610,45.0
1719,Alcohol Accidents,subtotal,2006,200609,64.0
1720,Alcohol Accidents,subtotal,2006,200608,48.0
1721,Alcohol Accidents,subtotal,2006,200607,64.0
1722,Alcohol Accidents,subtotal,2006,200606,51.0
1723,Alcohol Accidents,subtotal,2006,200605,53.0
1724,Alcohol Accidents,subtotal,2006,200604,40.0
1725,Alcohol Accidents,subtotal,2006,200603,40.0
1726,Alcohol Accidents,subtotal,2006,200602,50.0
1727,Alcohol Accidents,subtotal,2006,200601,44.0
1729,Alcohol Accidents,subtotal,2007,200712,37.0
1730,Alcohol Accidents,subtotal,2007,200711,36.0
1731,Alcohol Accidents,subtotal,2007,200710,55.0
1732,Alcohol Accidents,subtotal,2007,200709,54.0
1733,Alcohol Accidents,subtotal,2007,200708,44.0
1734,Alcohol Accidents,subtotal,2007,200707,65.0
1735,Alcohol Accidents,subtotal,2007,200706,51.0
1736,Alcohol Accidents,subtotal,2007,200705,63.0
1737,Alcohol Accidents,subtotal,2007,200704,49.0
1738,Alcohol Accidents,subtotal,2007,200703,38.0
1739,Alcohol Accidents,subtotal,2007,200702,32.0
1740,Alcohol Accidents,subtotal,2007,200701,36.0
1742,Alcohol Accidents,subtotal,2008,200812,35.0
1743,Alcohol Accidents,subtotal,2008,200811,27.0
1744,Alcohol Accidents,subtotal,2008,200810,45.0
1745,Alcohol Accidents,subtotal,2008,200809,49.0
1746,Alcohol Accidents,subtotal,2008,200808,44.0
1747,Alcohol Accidents,subtotal,2008,200807,52.0
1748,Alcohol Accidents,subtotal,2008,200806,56.0
1749,Alcohol Accidents,subtotal,2008,200805,57.0
1750,Alcohol Accidents,subtotal,2008,200804,25.0
1751,Alcohol Accidents,subtotal,2008,200803,30.0
1752,Alcohol Accidents,subtotal,2008,200802,30.0
1753,Alcohol Accidents,subtotal,2008,200801,32.0
1755,Alcohol Accidents,subtotal,2009,200912,34.0
1756,Alcohol Accidents,subtotal,2009,200911,31.0
1757,Alcohol Accidents,subtotal,2009,200910,35.0
1758,Alcohol Accidents,subtotal,2009,200909,49.0
1759,Alcohol Accidents,subtotal,2009,200908,35.0
1760,Alcohol Accidents,subtotal,2009,200907,44.0
1761,Alcohol Accidents,subtotal,2009,200906,31.0
1762,Alcohol Accidents,subtotal,2009,200905,57.0
1763,Alcohol Accidents,subtotal,2009,200904,45.0
1764,Alcohol Accidents,subtotal,2009,200903,14.0
1765,Alcohol Accidents,subtotal,2009,200902,32.0
1766,Alcohol Accidents,subtotal,2009,200901,23.0
1768,Alcohol Accidents,subtotal,2010,201012,26.0
1769,Alcohol Accidents,subtotal,2010,201011,28.0
1770,Alcohol Accidents,subtotal,2010,201010,27.0
1771,Alcohol Accidents,subtotal,2010,201009,54.0
1772,Alcohol Accidents,subtotal,2010,201008,40.0
1773,Alcohol Accidents,subtotal,2010,201007,48.0
1774,Alcohol Accidents,subtotal,2010,201006,39.0
1775,Alcohol Accidents,subtotal,2010,201005,34.0
1776,Alcohol Accidents,subtotal,2010,201004,33.0
1777,Alcohol Accidents,subtotal,2010,201003,31.0
1778,Alcohol Accidents,subtotal,2010,201002,23.0
1779,Alcohol Accidents,subtotal,2010,201001,19.0
1781,Alcohol Accidents,subtotal,2011,201112,37.0
1782,Alcohol Accidents,subtotal,2011,201111,40.0
1783,Alcohol Accidents,subtotal,2011,201110,26.0
1784,Alcohol Accidents,subtotal,2011,201109,36.0
1785,Alcohol Accidents,subtotal,2011,201108,34.0
1786,Alcohol Accidents,subtotal,2011,201107,39.0
1787,Alcohol Accidents,subtotal,2011,201106,27.0
1788,Alcohol Accidents,subtotal,2011,201105,43.0
1789,Alcohol Accidents,subtotal,2011,201104,43.0
1790,Alcohol Accidents,subtotal,2011,201103,22.0
1791,Alcohol Accidents,subtotal,2011,201102,25.0
1792,Alcohol Accidents,subtotal,2011,201101,25.0
1794,Alcohol Accidents,subtotal,2012,201212,27.0
1795,Alcohol Accidents,subtotal,2012,201211,30.0
1796,Alcohol Accidents,subtotal,2012,201210,32.0
1797,Alcohol Accidents,subtotal,2012,201209,49.0
1798,Alcohol Accidents,subtotal,2012,201208,55.0
1799,Alcohol Accidents,subtotal,2012,201207,56.0
1800,Alcohol Accidents,subtotal,2012,201206,43.0
1801,Alcohol Accidents,subtotal,2012,201205,54.0
1802,Alcohol Accidents,subtotal,2012,201204,34.0
1803,Alcohol Accidents,subtotal,2012,201203,21.0
1804,Alcohol Accidents,subtotal,2012,201202,18.0
1805,Alcohol Accidents,subtotal,2012,201201,21.0
1807,Alcohol Accidents,subtotal,2013,201312,32.0
1808,Alcohol Accidents,subtotal,2013,201311,35.0
1809,Alcohol Accidents,subtotal,2013,201310,31.0
1810,Alcohol Accidents,subtotal,2013,201309,47.0
1811,Alcohol Accidents,subtotal,2013,201308,39.0
1812,Alcohol Accidents,subtotal,2013,201307,42.0
1813,Alcohol Accidents,subtotal,2013,201306,37.0
1814,Alcohol Accidents,subtotal,2013,201305,33.0
1815,Alcohol Accidents,subtotal,2013,201304,28.0
1816,Alcohol Accidents,subtotal,2013,201303,21.0
1817,Alcohol Accidents,subtotal,2013,201302,15.0
1818,Alcohol Accidents,subtotal,2013,201301,17.0
1820,Alcohol Accidents,subtotal,2014,201412,25.0
1821,Alcohol Accidents,subtotal,2014,201411,42.0
1822,Alcohol Accidents,subtotal,2014,201410,36.0
1823,Alcohol Accidents,subtotal,2014,201409,43.0
1824,Alcohol Accidents,subtotal,2014,201408,32.0
1825,Alcohol Accidents,subtotal,2014,201407,35.0
1826,Alcohol Accidents,subtotal,2014,201406,31.0
1827,Alcohol Accidents,subtotal,2014,201405,28.0
1828,Alcohol Accidents,subtotal,2014,201404,35.0
1829,Alcohol Accidents,subtotal,2014,201403,37.0
1830,Alcohol Accidents,subtotal,2014,201402,17.0
1831,Alcohol Accidents,subtotal,2014,201401,21.0
1833,Alcohol Accidents,subtotal,2015,201512,27.0
1834,Alcohol Accidents,subtotal,2015,201511,30.0
1835,Alcohol Accidents,subtotal,2015,201510,25.0
1836,Alcohol Accidents,subtotal,2015,201509,45.0
1837,Alcohol Accidents,subtotal,2015,201508,49.0
1838,Alcohol Accidents,subtotal,2015,201507,49.0
1839,Alcohol Accidents,subtotal,2015,201506,39.0
1840,Alcohol Accidents,subtotal,2015,201505,50.0
1841,Alcohol Accidents,subtotal,2015,201504,29.0
1842,Alcohol Accidents,subtotal,2015,201503,23.0
1843,Alcohol Accidents,subtotal,2015,201502,23.0
1844,Alcohol Accidents,subtotal,2015,201501,22.0
1846,Alcohol Accidents,subtotal,2016,201612,20.0
1847,Alcohol Accidents,subtotal,2016,201611,20.0
1848,Alcohol Accidents,subtotal,2016,201610,30.0
1849,Alcohol Accidents,subtotal,2016,201609,29.0
1850,Alcohol Accidents,subtotal,2016,201608,34.0
1851,Alcohol Accidents,subtotal,2016,201607,35.0
1852,Alcohol Accidents,subtotal,2016,201606,30.0
1853,Alcohol Accidents,subtotal,2016,201605,25.0
1854,Alcohol Accidents,subtotal,2016,201604,27.0
1855,Alcohol Accidents,subtotal,2016,201603,20.0
1856,Alcohol Accidents,subtotal,2016,201602,10.0
1857,Alcohol Accidents,subtotal,2016,201601,21.0
1859,Alcohol Accidents,subtotal,2017,201712,42.0
1860,Alcohol Accidents,subtotal,2017,201711,33.0
1861,Alcohol Accidents,subtotal,2017,201710,32.0
1862,Alcohol Accidents,subtotal,2017,201709,47.0
1863,Alcohol Accidents,subtotal,2017,201708,30.0
1864,Alcohol Accidents,subtotal,2017,201707,52.0
1865,Alcohol Accidents,subtotal,2017,201706,41.0
1866,Alcohol Accidents,subtotal,2017,201705,29.0
1867,Alcohol Accidents,subtotal,2017,201704,26.0
1868,Alcohol Accidents,subtotal,2017,201703,36.0
1869,Alcohol Accidents,subtotal,2017,201702,22.0
1870,Alcohol Accidents,subtotal,2017,201701,19.0
1872,Alcohol Accidents,subtotal,2018,201812,21.0
1873,Alcohol Accidents,subtotal,2018,201811,31.0
1874,Alcohol Accidents,subtotal,2018,201810,43.0
1875,Alcohol Accidents,subtotal,2018,201809,36.0
1876,Alcohol Accidents,subtotal,2018,201808,40.0
1877,Alcohol Accidents,subtotal,2018,201807,51.0
1878,Alcohol Accidents,subtotal,2018,201806,39.0
1879,Alcohol Accidents,subtotal,2018,201805,34.0
1880,Alcohol Accidents,subtotal,2018,201804,25.0
1881,Alcohol Accidents,subtotal,2018,201803,32.0
1882,Alcohol Accidents,subtotal,2018,201802,24.0
1883,Alcohol Accidents,subtotal,2018,201801,22.0
1885,Alcohol Accidents,subtotal,2019,201912,35.0
1886,Alcohol Accidents,subtotal,2019,201911,29.0
1887,Alcohol Accidents,subtotal,2019,201910,45.0
1888,Alcohol Accidents,subtotal,2019,201909,47.0
1889,Alcohol Accidents,subtotal,2019,201908,31.0
1890,Alcohol Accidents,subtotal,2019,201907,48.0
1891,Alcohol Accidents,subtotal,2019,201906,40.0
1892,Alcohol Accidents,subtotal,2019,201905,39.0
1893,Alcohol Accidents,subtotal,2019,201904,36.0
1894,Alcohol Accidents,subtotal,2019,201903,34.0
1895,Alcohol Accidents,subtotal,2019,201902,28.0
1896,Alcohol Accidents,subtotal,2019,201901,22.0
1898,Alcohol Accidents,subtotal,2020,202012,13.0
1899,Alcohol Accidents,subtotal,2020,202011,23.0
1900,Alcohol Accidents,subtotal,2020,202010,34.0
1901,Alcohol Accidents,subtotal,2020,202009,46.0
1902,Alcohol Accidents,subtotal,2020,202008,46.0
1903,Alcohol Accidents,subtotal,2020,202007,58.0
1904,Alcohol Accidents,subtotal,2020,202006,49.0
1905,Alcohol Accidents,subtotal,2020,202005,40.0
1906,Alcohol Accidents,subtotal,2020,202004,26.0
1907,Alcohol Accidents,subtotal,2020,202003,27.0
1908,Alcohol Accidents,subtotal,2020,202002,40.0
1909,Alcohol Accidents,subtotal,2020,202001,28.0
